"ID";NAME;TRADEDATE;OPEN;HIGH;LOW;CLOSE;VALUE;DURATION;YIELD
RUSFAR;RUSFAR;2019-01-09;7,71;7,71;7,71;7,71;;;
RUSFAR;RUSFAR;2019-01-10;7,68;7,68;7,68;7,68;;;
RUSFAR;RUSFAR;2019-01-11;7,51;7,51;7,51;7,51;;;
RUSFAR;RUSFAR;2019-01-14;7,56;7,56;7,56;7,56;;;
RUSFAR;RUSFAR;2019-01-15;7,62;7,62;7,62;7,62;;;
RUSFAR;RUSFAR;2019-01-16;7,57;7,57;7,57;7,57;;;
RUSFAR;RUSFAR;2019-01-17;7,6;7,6;7,6;7,6;;;
RUSFAR;RUSFAR;2019-01-18;7,66;7,66;7,66;7,66;;;
RUSFAR;RUSFAR;2019-01-21;7,73;7,73;7,73;7,73;;;
RUSFAR;RUSFAR;2019-01-22;7,74;7,74;7,74;7,74;;;
RUSFAR;RUSFAR;2019-01-23;7,66;7,66;7,66;7,66;;;
RUSFAR;RUSFAR;2019-01-24;7,68;7,68;7,68;7,68;;;
RUSFAR;RUSFAR;2019-01-25;7,75;7,75;7,75;7,75;;;
RUSFAR;RUSFAR;2019-01-28;7,83;7,83;7,83;7,83;;;
RUSFAR;RUSFAR;2019-01-29;7,95;7,95;7,95;7,95;;;
RUSFAR;RUSFAR;2019-01-30;7,81;7,81;7,81;7,81;;;
RUSFAR;RUSFAR;2019-01-31;7,84;7,84;7,84;7,84;;;
RUSFAR;RUSFAR;2019-02-01;7,51;7,51;7,51;7,51;;;
RUSFAR;RUSFAR;2019-02-04;7,56;7,56;7,56;7,56;;;
RUSFAR;RUSFAR;2019-02-05;7,7;7,7;7,7;7,7;;;
RUSFAR;RUSFAR;2019-02-06;7,65;7,65;7,65;7,65;;;
RUSFAR;RUSFAR;2019-02-07;7,68;7,68;7,68;7,68;;;
RUSFAR;RUSFAR;2019-02-08;7,64;7,64;7,64;7,64;;;
RUSFAR;RUSFAR;2019-02-11;7,64;7,64;7,64;7,64;;;
RUSFAR;RUSFAR;2019-02-12;7,63;7,63;7,63;7,63;;;
RUSFAR;RUSFAR;2019-02-13;7,54;7,54;7,54;7,54;;;
RUSFAR;RUSFAR;2019-02-14;7,41;7,41;7,41;7,41;;;
RUSFAR;RUSFAR;2019-02-15;7,56;7,56;7,56;7,56;;;
RUSFAR;RUSFAR;2019-02-18;7,56;7,56;7,56;7,56;;;
RUSFAR;RUSFAR;2019-02-19;7,56;7,56;7,56;7,56;;;
RUSFAR;RUSFAR;2019-02-20;7,42;7,42;7,42;7,42;;;
RUSFAR;RUSFAR;2019-02-21;7,32;7,32;7,32;7,32;;;
RUSFAR;RUSFAR;2019-02-22;7,12;7,12;7,12;7,12;;;
RUSFAR;RUSFAR;2019-02-25;7,38;7,38;7,38;7,38;;;
RUSFAR;RUSFAR;2019-02-26;7,46;7,46;7,46;7,46;;;
RUSFAR;RUSFAR;2019-02-27;7,6;7,6;7,6;7,6;;;
RUSFAR;RUSFAR;2019-02-28;7,7;7,7;7,7;7,7;;;
RUSFAR;RUSFAR;2019-03-01;7,69;7,69;7,69;7,69;;;
RUSFAR;RUSFAR;2019-03-04;7,54;7,54;7,54;7,54;;;
RUSFAR;RUSFAR;2019-03-05;7,66;7,66;7,66;7,66;;;
RUSFAR;RUSFAR;2019-03-06;7,62;7,62;7,62;7,62;;;
RUSFAR;RUSFAR;2019-03-07;7,66;7,66;7,66;7,66;;;
RUSFAR;RUSFAR;2019-03-11;7,7;7,7;7,7;7,7;;;
RUSFAR;RUSFAR;2019-03-12;7,7;7,7;7,7;7,7;;;
RUSFAR;RUSFAR;2019-03-13;7,58;7,58;7,58;7,58;;;
RUSFAR;RUSFAR;2019-03-14;7,47;7,47;7,47;7,47;;;
RUSFAR;RUSFAR;2019-03-15;7,51;7,51;7,51;7,51;;;
RUSFAR;RUSFAR;2019-03-18;7,49;7,49;7,49;7,49;;;
RUSFAR;RUSFAR;2019-03-19;7,59;7,59;7,59;7,59;;;
RUSFAR;RUSFAR;2019-03-20;7,57;7,57;7,57;7,57;;;
RUSFAR;RUSFAR;2019-03-21;7,52;7,52;7,52;7,52;;;
RUSFAR;RUSFAR;2019-03-22;7,52;7,52;7,52;7,52;;;
RUSFAR;RUSFAR;2019-03-25;7,59;7,59;7,59;7,59;;;
RUSFAR;RUSFAR;2019-03-26;7,69;7,69;7,69;7,69;;;
RUSFAR;RUSFAR;2019-03-27;7,69;7,69;7,69;7,69;;;
RUSFAR;RUSFAR;2019-03-28;7,59;7,59;7,59;7,59;;;
RUSFAR;RUSFAR;2019-03-29;7,89;7,89;7,89;7,89;;;
RUSFAR;RUSFAR;2019-04-01;7,63;7,63;7,63;7,63;;;
RUSFAR;RUSFAR;2019-04-02;7,61;7,61;7,61;7,61;;;
RUSFAR;RUSFAR;2019-04-03;7,63;7,63;7,63;7,63;;;
RUSFAR;RUSFAR;2019-04-04;7,62;7,62;7,62;7,62;;;
RUSFAR;RUSFAR;2019-04-05;7,78;7,78;7,78;7,78;;;
RUSFAR;RUSFAR;2019-04-08;7,64;7,64;7,64;7,64;;;
RUSFAR;RUSFAR;2019-04-09;7,59;7,59;7,59;7,59;;;
RUSFAR;RUSFAR;2019-04-10;7,55;7,55;7,55;7,55;;;
RUSFAR;RUSFAR;2019-04-11;7,68;7,68;7,68;7,68;;;
RUSFAR;RUSFAR;2019-04-12;7,69;7,69;7,69;7,69;;;
RUSFAR;RUSFAR;2019-04-15;7,76;7,76;7,76;7,76;;;
RUSFAR;RUSFAR;2019-04-16;7,95;7,95;7,95;7,95;;;
RUSFAR;RUSFAR;2019-04-17;7,52;7,52;7,52;7,52;;;
RUSFAR;RUSFAR;2019-04-18;7,59;7,59;7,59;7,59;;;
RUSFAR;RUSFAR;2019-04-19;7,53;7,53;7,53;7,53;;;
RUSFAR;RUSFAR;2019-04-22;7,49;7,49;7,49;7,49;;;
RUSFAR;RUSFAR;2019-04-23;7,39;7,39;7,39;7,39;;;
RUSFAR;RUSFAR;2019-04-24;7,42;7,42;7,42;7,42;;;
RUSFAR;RUSFAR;2019-04-25;7,49;7,49;7,49;7,49;;;
RUSFAR;RUSFAR;2019-04-26;7,57;7,57;7,57;7,57;;;
RUSFAR;RUSFAR;2019-04-29;7,57;7,57;7,57;7,57;;;
RUSFAR;RUSFAR;2019-05-06;7,28;7,28;7,28;7,28;;;
RUSFAR;RUSFAR;2019-05-07;7,5;7,5;7,5;7,5;;;
RUSFAR;RUSFAR;2019-05-13;7,64;7,64;7,64;7,64;;;
RUSFAR;RUSFAR;2019-05-14;7,7;7,7;7,7;7,7;;;
RUSFAR;RUSFAR;2019-05-15;7,65;7,65;7,65;7,65;;;
RUSFAR;RUSFAR;2019-05-16;7,55;7,55;7,55;7,55;;;
RUSFAR;RUSFAR;2019-05-17;7,57;7,57;7,57;7,57;;;
RUSFAR;RUSFAR;2019-05-20;7,66;7,66;7,66;7,66;;;
RUSFAR;RUSFAR;2019-05-21;7,67;7,67;7,67;7,67;;;
RUSFAR;RUSFAR;2019-05-22;7,49;7,49;7,49;7,49;;;
RUSFAR;RUSFAR;2019-05-23;7,46;7,46;7,46;7,46;;;
RUSFAR;RUSFAR;2019-05-24;7,29;7,29;7,29;7,29;;;
RUSFAR;RUSFAR;2019-05-27;7,48;7,48;7,48;7,48;;;
RUSFAR;RUSFAR;2019-05-28;7,77;7,77;7,77;7,77;;;
RUSFAR;RUSFAR;2019-05-29;7,84;7,84;7,84;7,84;;;
RUSFAR;RUSFAR;2019-05-30;7,93;7,93;7,93;7,93;;;
RUSFAR;RUSFAR;2019-05-31;7,89;7,89;7,89;7,89;;;
RUSFAR;RUSFAR;2019-06-03;7,66;7,66;7,66;7,66;;;
RUSFAR;RUSFAR;2019-06-04;7,71;7,71;7,71;7,71;;;
RUSFAR;RUSFAR;2019-06-05;7,7;7,7;7,7;7,7;;;
RUSFAR;RUSFAR;2019-06-06;7,81;7,81;7,81;7,81;;;
RUSFAR;RUSFAR;2019-06-07;7,64;7,64;7,64;7,64;;;
RUSFAR;RUSFAR;2019-06-10;7,6;7,6;7,6;7,6;;;
RUSFAR;RUSFAR;2019-06-11;7,59;7,59;7,59;7,59;;;
RUSFAR;RUSFAR;2019-06-13;7,55;7,55;7,55;7,55;;;
RUSFAR;RUSFAR;2019-06-14;7,44;7,44;7,44;7,44;;;
RUSFAR;RUSFAR;2019-06-17;7,42;7,42;7,42;7,42;;;
RUSFAR;RUSFAR;2019-06-18;7,54;7,54;7,54;7,54;;;
RUSFAR;RUSFAR;2019-06-19;7,53;7,53;7,53;7,53;;;
RUSFAR;RUSFAR;2019-06-20;7,55;7,55;7,55;7,55;;;
RUSFAR;RUSFAR;2019-06-21;7,58;7,58;7,58;7,58;;;
RUSFAR;RUSFAR;2019-06-24;7,53;7,53;7,53;7,53;;;
RUSFAR;RUSFAR;2019-06-25;7,51;7,51;7,51;7,51;;;
RUSFAR;RUSFAR;2019-06-26;7,54;7,54;7,54;7,54;;;
RUSFAR;RUSFAR;2019-06-27;7,53;7,53;7,53;7,53;;;
RUSFAR;RUSFAR;2019-06-28;7,54;7,54;7,54;7,54;;;
RUSFAR;RUSFAR;2019-07-01;7,49;7,49;7,49;7,49;;;
RUSFAR;RUSFAR;2019-07-02;7,4;7,4;7,4;7,4;;;
RUSFAR;RUSFAR;2019-07-03;7,34;7,34;7,34;7,34;;;
RUSFAR;RUSFAR;2019-07-04;7,37;7,37;7,37;7,37;;;
RUSFAR;RUSFAR;2019-07-05;7,38;7,38;7,38;7,38;;;
RUSFAR;RUSFAR;2019-07-08;7,36;7,36;7,36;7,36;;;
RUSFAR;RUSFAR;2019-07-09;7,24;7,24;7,24;7,24;;;
RUSFAR;RUSFAR;2019-07-10;7,37;7,37;7,37;7,37;;;
RUSFAR;RUSFAR;2019-07-11;7,35;7,35;7,35;7,35;;;
RUSFAR;RUSFAR;2019-07-12;7,25;7,25;7,25;7,25;;;
RUSFAR;RUSFAR;2019-07-15;7,24;7,24;7,24;7,24;;;
RUSFAR;RUSFAR;2019-07-16;7,29;7,29;7,29;7,29;;;
RUSFAR;RUSFAR;2019-07-17;7,3;7,3;7,3;7,3;;;
RUSFAR;RUSFAR;2019-07-18;7,38;7,38;7,38;7,38;;;
RUSFAR;RUSFAR;2019-07-19;7,37;7,37;7,37;7,37;;;
RUSFAR;RUSFAR;2019-07-22;7,34;7,34;7,34;7,34;;;
RUSFAR;RUSFAR;2019-07-23;7,28;7,28;7,28;7,28;;;
RUSFAR;RUSFAR;2019-07-24;7,19;7,19;7,19;7,19;;;
RUSFAR;RUSFAR;2019-07-25;7,15;7,15;7,15;7,15;;;
RUSFAR;RUSFAR;2019-07-26;7,11;7,11;7,11;7,11;;;
RUSFAR;RUSFAR;2019-07-29;7,15;7,15;7,15;7,15;;;
RUSFAR;RUSFAR;2019-07-30;7,27;7,27;7,27;7,27;;;
RUSFAR;RUSFAR;2019-07-31;7,35;7,35;7,35;7,35;;;
RUSFAR;RUSFAR;2019-08-01;7,24;7,24;7,24;7,24;;;
RUSFAR;RUSFAR;2019-08-02;7,19;7,19;7,19;7,19;;;
RUSFAR;RUSFAR;2019-08-05;7,04;7,04;7,04;7,04;;;
RUSFAR;RUSFAR;2019-08-06;7,02;7,02;7,02;7,02;;;
RUSFAR;RUSFAR;2019-08-07;7,21;7,21;7,21;7,21;;;
RUSFAR;RUSFAR;2019-08-08;7,11;7,11;7,11;7,11;;;
RUSFAR;RUSFAR;2019-08-09;7,01;7,01;7,01;7,01;;;
RUSFAR;RUSFAR;2019-08-12;7,08;7,08;7,08;7,08;;;
RUSFAR;RUSFAR;2019-08-13;7,01;7,01;7,01;7,01;;;
RUSFAR;RUSFAR;2019-08-14;7,02;7,02;7,02;7,02;;;
RUSFAR;RUSFAR;2019-08-15;7,02;7,02;7,02;7,02;;;
RUSFAR;RUSFAR;2019-08-16;7,05;7,05;7,05;7,05;;;
RUSFAR;RUSFAR;2019-08-19;7,08;7,08;7,08;7,08;;;
RUSFAR;RUSFAR;2019-08-20;7,1;7,1;7,1;7,1;;;
RUSFAR;RUSFAR;2019-08-21;7,02;7,02;7,02;7,02;;;
RUSFAR;RUSFAR;2019-08-22;7,01;7,01;7,01;7,01;;;
RUSFAR;RUSFAR;2019-08-23;6,99;6,99;6,99;6,99;;;
RUSFAR;RUSFAR;2019-08-26;7,09;7,09;7,09;7,09;;;
RUSFAR;RUSFAR;2019-08-27;7,23;7,23;7,23;7,23;;;
RUSFAR;RUSFAR;2019-08-28;7,18;7,18;7,18;7,18;;;
RUSFAR;RUSFAR;2019-08-29;7,1;7,1;7,1;7,1;;;
RUSFAR;RUSFAR;2019-08-30;7,09;7,09;7,09;7,09;;;
RUSFAR;RUSFAR;2019-09-02;7,07;7,07;7,07;7,07;;;
RUSFAR;RUSFAR;2019-09-03;7,2;7,2;7,2;7,2;;;
RUSFAR;RUSFAR;2019-09-04;6,95;6,95;6,95;6,95;;;
RUSFAR;RUSFAR;2019-09-05;6,87;6,87;6,87;6,87;;;
RUSFAR;RUSFAR;2019-09-06;6,9;6,9;6,9;6,9;;;
RUSFAR;RUSFAR;2019-09-09;6,86;6,86;6,86;6,86;;;
RUSFAR;RUSFAR;2019-09-10;6,92;6,92;6,92;6,92;;;
RUSFAR;RUSFAR;2019-09-11;6,75;6,75;6,75;6,75;;;
RUSFAR;RUSFAR;2019-09-12;6,79;6,79;6,79;6,79;;;
RUSFAR;RUSFAR;2019-09-13;6,84;6,84;6,84;6,84;;;
RUSFAR;RUSFAR;2019-09-16;6,78;6,78;6,78;6,78;;;
RUSFAR;RUSFAR;2019-09-17;6,77;6,77;6,77;6,77;;;
RUSFAR;RUSFAR;2019-09-18;6,77;6,77;6,77;6,77;;;
RUSFAR;RUSFAR;2019-09-19;6,76;6,76;6,76;6,76;;;
RUSFAR;RUSFAR;2019-09-20;6,76;6,76;6,76;6,76;;;
RUSFAR;RUSFAR;2019-09-23;6,73;6,73;6,73;6,73;;;
RUSFAR;RUSFAR;2019-09-24;6,68;6,68;6,68;6,68;;;
RUSFAR;RUSFAR;2019-09-25;6,79;6,79;6,79;6,79;;;
RUSFAR;RUSFAR;2019-09-26;6,8;6,8;6,8;6,8;;;
RUSFAR;RUSFAR;2019-09-27;6,8;6,8;6,8;6,8;;;
RUSFAR;RUSFAR;2019-09-30;6,87;6,87;6,87;6,87;;;
RUSFAR;RUSFAR;2019-10-01;6,88;6,88;6,88;6,88;;;
RUSFAR;RUSFAR;2019-10-02;6,88;6,88;6,88;6,88;;;
RUSFAR;RUSFAR;2019-10-03;6,89;6,89;6,89;6,89;;;
RUSFAR;RUSFAR;2019-10-04;6,84;6,84;6,84;6,84;;;
RUSFAR;RUSFAR;2019-10-07;6,94;6,94;6,94;6,94;;;
RUSFAR;RUSFAR;2019-10-08;6,99;6,99;6,99;6,99;;;
RUSFAR;RUSFAR;2019-10-09;6,82;6,82;6,82;6,82;;;
RUSFAR;RUSFAR;2019-10-10;6,81;6,81;6,81;6,81;;;
RUSFAR;RUSFAR;2019-10-11;6,75;6,75;6,75;6,75;;;
RUSFAR;RUSFAR;2019-10-14;6,77;6,77;6,77;6,77;;;
RUSFAR;RUSFAR;2019-10-15;6,8;6,8;6,8;6,8;;;
RUSFAR;RUSFAR;2019-10-16;6,85;6,85;6,85;6,85;;;
RUSFAR;RUSFAR;2019-10-17;6,78;6,78;6,78;6,78;;;
RUSFAR;RUSFAR;2019-10-18;6,74;6,74;6,74;6,74;;;
RUSFAR;RUSFAR;2019-10-21;6,68;6,68;6,68;6,68;;;
RUSFAR;RUSFAR;2019-10-22;6,6;6,6;6,6;6,6;;;
RUSFAR;RUSFAR;2019-10-23;6,63;6,63;6,63;6,63;;;
RUSFAR;RUSFAR;2019-10-24;6,65;6,65;6,65;6,65;;;
RUSFAR;RUSFAR;2019-10-25;6,67;6,67;6,67;6,67;;;
RUSFAR;RUSFAR;2019-10-28;6,63;6,63;6,63;6,63;;;
RUSFAR;RUSFAR;2019-10-29;6,74;6,74;6,74;6,74;;;
RUSFAR;RUSFAR;2019-10-30;6,56;6,56;6,56;6,56;;;
RUSFAR;RUSFAR;2019-10-31;6,51;6,51;6,51;6,51;;;
RUSFAR;RUSFAR;2019-11-01;6,4;6,4;6,4;6,4;;;
RUSFAR;RUSFAR;2019-11-05;6,26;6,26;6,26;6,26;;;
RUSFAR;RUSFAR;2019-11-06;6,37;6,37;6,37;6,37;;;
RUSFAR;RUSFAR;2019-11-07;6,42;6,42;6,42;6,42;;;
RUSFAR;RUSFAR;2019-11-08;6,41;6,41;6,41;6,41;;;
RUSFAR;RUSFAR;2019-11-11;6,37;6,37;6,37;6,37;;;
RUSFAR;RUSFAR;2019-11-12;6,37;6,37;6,37;6,37;;;
RUSFAR;RUSFAR;2019-11-13;6,4;6,4;6,4;6,4;;;
RUSFAR;RUSFAR;2019-11-14;6,49;6,49;6,49;6,49;;;
RUSFAR;RUSFAR;2019-11-15;6,45;6,45;6,45;6,45;;;
RUSFAR;RUSFAR;2019-11-18;6,48;6,48;6,48;6,48;;;
RUSFAR;RUSFAR;2019-11-19;6,48;6,48;6,48;6,48;;;
RUSFAR;RUSFAR;2019-11-20;6,52;6,52;6,52;6,52;;;
RUSFAR;RUSFAR;2019-11-21;6,48;6,48;6,48;6,48;;;
RUSFAR;RUSFAR;2019-11-22;6,45;6,45;6,45;6,45;;;
RUSFAR;RUSFAR;2019-11-25;6,48;6,48;6,48;6,48;;;
RUSFAR;RUSFAR;2019-11-26;6,53;6,53;6,53;6,53;;;
RUSFAR;RUSFAR;2019-11-27;6,51;6,51;6,51;6,51;;;
RUSFAR;RUSFAR;2019-11-28;6,52;6,52;6,52;6,52;;;
RUSFAR;RUSFAR;2019-11-29;6,54;6,54;6,54;6,54;;;
RUSFAR;RUSFAR;2019-12-02;6,5;6,5;6,5;6,5;;;
RUSFAR;RUSFAR;2019-12-03;6,52;6,52;6,52;6,52;;;
RUSFAR;RUSFAR;2019-12-04;6,5;6,5;6,5;6,5;;;
RUSFAR;RUSFAR;2019-12-05;6,38;6,38;6,38;6,38;;;
RUSFAR;RUSFAR;2019-12-06;6,3;6,3;6,3;6,3;;;
RUSFAR;RUSFAR;2019-12-09;6,32;6,32;6,32;6,32;;;
RUSFAR;RUSFAR;2019-12-10;6,26;6,26;6,26;6,26;;;
RUSFAR;RUSFAR;2019-12-11;6,26;6,26;6,26;6,26;;;
RUSFAR;RUSFAR;2019-12-12;6,05;6,05;6,05;6,05;;;
RUSFAR;RUSFAR;2019-12-13;6;6;6;6;;;
RUSFAR;RUSFAR;2019-12-16;6;6;6;6;;;
RUSFAR;RUSFAR;2019-12-17;6;6;6;6;;;
RUSFAR;RUSFAR;2019-12-18;6,01;6,01;6,01;6,01;;;
RUSFAR;RUSFAR;2019-12-19;6,03;6,03;6,03;6,03;;;
RUSFAR;RUSFAR;2019-12-20;6,08;6,08;6,08;6,08;;;
RUSFAR;RUSFAR;2019-12-23;6,1;6,1;6,1;6,1;;;
RUSFAR;RUSFAR;2019-12-24;6,19;6,19;6,19;6,19;;;
RUSFAR;RUSFAR;2019-12-25;6,18;6,18;6,18;6,18;;;
RUSFAR;RUSFAR;2019-12-26;6,2;6,2;6,2;6,2;;;
RUSFAR;RUSFAR;2019-12-27;6,25;6,25;6,25;6,25;;;
RUSFAR;RUSFAR;2019-12-30;6,34;6,34;6,34;6,34;;;
RUSFAR;RUSFAR;2020-01-09;6,23;6,23;6,23;6,23;;;
RUSFAR;RUSFAR;2020-01-10;6,2;6,2;6,2;6,2;;;
RUSFAR;RUSFAR;2020-01-13;6,03;6,03;6,03;6,03;;;
RUSFAR;RUSFAR;2020-01-14;5,95;5,95;5,95;5,95;;;
RUSFAR;RUSFAR;2020-01-15;6,03;6,03;6,03;6,03;;;
RUSFAR;RUSFAR;2020-01-16;6,05;6,05;6,05;6,05;;;
RUSFAR;RUSFAR;2020-01-17;6,06;6,06;6,06;6,06;;;
RUSFAR;RUSFAR;2020-01-20;6,06;6,06;6,06;6,06;;;
RUSFAR;RUSFAR;2020-01-21;6,04;6,04;6,04;6,04;;;
RUSFAR;RUSFAR;2020-01-22;6,03;6,03;6,03;6,03;;;
RUSFAR;RUSFAR;2020-01-23;6,01;6,01;6,01;6,01;;;
RUSFAR;RUSFAR;2020-01-24;6;6;6;6;;;
RUSFAR;RUSFAR;2020-01-27;6,07;6,07;6,07;6,07;;;
RUSFAR;RUSFAR;2020-01-28;6,21;6,21;6,21;6,21;;;
RUSFAR;RUSFAR;2020-01-29;6,16;6,16;6,16;6,16;;;
RUSFAR;RUSFAR;2020-01-30;6,16;6,16;6,16;6,16;;;
RUSFAR;RUSFAR;2020-01-31;6,13;6,13;6,13;6,13;;;
RUSFAR;RUSFAR;2020-02-03;6,05;6,05;6,05;6,05;;;
RUSFAR;RUSFAR;2020-02-04;6,04;6,04;6,04;6,04;;;
RUSFAR;RUSFAR;2020-02-05;6,04;6,04;6,04;6,04;;;
RUSFAR;RUSFAR;2020-02-06;6,04;6,04;6,04;6,04;;;
RUSFAR;RUSFAR;2020-02-07;6,04;6,04;6,04;6,04;;;
RUSFAR;RUSFAR;2020-02-10;6;6;6;6;;;
RUSFAR;RUSFAR;2020-02-11;5,94;5,94;5,94;5,94;;;
RUSFAR;RUSFAR;2020-02-12;5,79;5,79;5,79;5,79;;;
RUSFAR;RUSFAR;2020-02-13;5,76;5,76;5,76;5,76;;;
RUSFAR;RUSFAR;2020-02-14;5,8;5,8;5,8;5,8;;;
RUSFAR;RUSFAR;2020-02-17;5,79;5,79;5,79;5,79;;;
RUSFAR;RUSFAR;2020-02-18;5,78;5,78;5,78;5,78;;;
RUSFAR;RUSFAR;2020-02-19;5,76;5,76;5,76;5,76;;;
RUSFAR;RUSFAR;2020-02-20;5,77;5,77;5,77;5,77;;;
RUSFAR;RUSFAR;2020-02-21;5,75;5,75;5,75;5,75;;;
RUSFAR;RUSFAR;2020-02-25;5,75;5,75;5,75;5,75;;;
RUSFAR;RUSFAR;2020-02-26;5,93;5,93;5,93;5,93;;;
RUSFAR;RUSFAR;2020-02-27;5,97;5,97;5,97;5,97;;;
RUSFAR;RUSFAR;2020-02-28;6,04;6,04;6,04;6,04;;;
RUSFAR;RUSFAR;2020-03-02;5,96;5,96;5,96;5,96;;;
RUSFAR;RUSFAR;2020-03-03;5,92;5,92;5,92;5,92;;;
RUSFAR;RUSFAR;2020-03-04;5,9;5,9;5,9;5,9;;;
RUSFAR;RUSFAR;2020-03-05;5,91;5,91;5,91;5,91;;;
RUSFAR;RUSFAR;2020-03-06;5,91;5,91;5,91;5,91;;;
RUSFAR;RUSFAR;2020-03-10;6,35;6,35;6,35;6,35;;;
RUSFAR;RUSFAR;2020-03-11;5,8;5,8;5,8;5,8;;;
RUSFAR;RUSFAR;2020-03-12;5,54;5,54;5,54;5,54;;;
RUSFAR;RUSFAR;2020-03-13;5,43;5,43;5,43;5,43;;;
RUSFAR;RUSFAR;2020-03-16;5,45;5,45;5,45;5,45;;;
RUSFAR;RUSFAR;2020-03-17;5,44;5,44;5,44;5,44;;;
RUSFAR;RUSFAR;2020-03-18;5,56;5,56;5,56;5,56;;;
RUSFAR;RUSFAR;2020-03-19;5,63;5,63;5,63;5,63;;;
RUSFAR;RUSFAR;2020-03-20;5,81;5,81;5,81;5,81;;;
RUSFAR;RUSFAR;2020-03-23;5,93;5,93;5,93;5,93;;;
RUSFAR;RUSFAR;2020-03-24;5,95;5,95;5,95;5,95;;;
RUSFAR;RUSFAR;2020-03-25;5,93;5,93;5,93;5,93;;;
RUSFAR;RUSFAR;2020-03-26;5,97;5,97;5,97;5,97;;;
RUSFAR;RUSFAR;2020-03-27;6,16;6,16;6,16;6,16;;;
RUSFAR;RUSFAR;2020-03-30;6,25;6,25;6,25;6,25;;;
RUSFAR;RUSFAR;2020-03-31;5,69;5,69;5,69;5,69;;;
RUSFAR;RUSFAR;2020-04-01;5,2;5,2;5,2;5,2;62445301000;;
RUSFAR;RUSFAR;2020-04-02;5,56;5,56;5,56;5,56;76221628000;;
RUSFAR;RUSFAR;2020-04-03;5,75;5,75;5,75;5,75;44461343000;;
RUSFAR;RUSFAR;2020-04-06;5,9;5,9;5,9;5,9;57006704000;;
RUSFAR;RUSFAR;2020-04-07;5,85;5,85;5,85;5,85;57056773000;;
RUSFAR;RUSFAR;2020-04-08;5,82;5,82;5,82;5,82;84719862000;;
RUSFAR;RUSFAR;2020-04-09;5,97;5,97;5,97;5,97;116359938000;;
RUSFAR;RUSFAR;2020-04-10;6,09;6,09;6,09;6,09;114986399000;;
RUSFAR;RUSFAR;2020-04-13;6,04;6,04;6,04;6,04;131697843000;;
RUSFAR;RUSFAR;2020-04-14;5,99;5,99;5,99;5,99;96143090000;;
RUSFAR;RUSFAR;2020-04-15;6;6;6;6;92239735000;;
RUSFAR;RUSFAR;2020-04-16;6,04;6,04;6,04;6,04;74197785000;;
RUSFAR;RUSFAR;2020-04-17;6,15;6,15;6,15;6,15;95119662000;;
RUSFAR;RUSFAR;2020-04-20;6,16;6,16;6,16;6,16;83470492000;;
RUSFAR;RUSFAR;2020-04-21;6,31;6,31;6,31;6,31;78132875000;;
RUSFAR;RUSFAR;2020-04-22;6,37;6,37;6,37;6,37;186240894000;;
RUSFAR;RUSFAR;2020-04-23;6,27;6,27;6,27;6,27;125067348000;;
RUSFAR;RUSFAR;2020-04-24;5,88;5,88;5,88;5,88;136386282000;;
RUSFAR;RUSFAR;2020-04-27;5,54;5,54;5,54;5,54;78793145000;;
RUSFAR;RUSFAR;2020-04-28;5,55;5,55;5,55;5,55;98349944000;;
RUSFAR;RUSFAR;2020-04-29;5,79;5,79;5,79;5,79;125290312000;;
RUSFAR;RUSFAR;2020-04-30;5,75;5,75;5,75;5,75;71067466000;;
RUSFAR;RUSFAR;2020-05-06;5,5;5,5;5,5;5,5;49540096000;;
RUSFAR;RUSFAR;2020-05-07;5,41;5,41;5,41;5,41;94548442000;;
RUSFAR;RUSFAR;2020-05-08;5,21;5,21;5,21;5,21;93973370000;;
RUSFAR;RUSFAR;2020-05-12;5,39;5,39;5,39;5,39;70446843000;;
RUSFAR;RUSFAR;2020-05-13;5,54;5,54;5,54;5,54;42375554000;;
RUSFAR;RUSFAR;2020-05-14;5,54;5,54;5,54;5,54;82354960000;;
RUSFAR;RUSFAR;2020-05-15;5,43;5,43;5,43;5,43;100722587000;;
RUSFAR;RUSFAR;2020-05-18;5,44;5,44;5,44;5,44;73969041000;;
RUSFAR;RUSFAR;2020-05-19;5,45;5,45;5,45;5,45;58289469000;;
RUSFAR;RUSFAR;2020-05-20;5,47;5,47;5,47;5,47;53262090000;;
RUSFAR;RUSFAR;2020-05-21;5,48;5,48;5,48;5,48;68464330000;;
RUSFAR;RUSFAR;2020-05-22;5,5;5,5;5,5;5,5;130083106000;;
RUSFAR;RUSFAR;2020-05-25;5,5;5,5;5,5;5,5;82949031000;;
RUSFAR;RUSFAR;2020-05-26;5,51;5,51;5,51;5,51;98276803000;;
RUSFAR;RUSFAR;2020-05-27;5,51;5,51;5,51;5,51;68319080000;;
RUSFAR;RUSFAR;2020-05-28;5,54;5,54;5,54;5,54;73860801000;;
RUSFAR;RUSFAR;2020-05-29;5,59;5,59;5,59;5,59;92866866000;;
RUSFAR;RUSFAR;2020-06-01;5,51;5,51;5,51;5,51;94410935000;;
RUSFAR;RUSFAR;2020-06-02;5,43;5,43;5,43;5,43;87390368000;;
RUSFAR;RUSFAR;2020-06-03;5,41;5,41;5,41;5,41;72556711000;;
RUSFAR;RUSFAR;2020-06-04;5,42;5,42;5,42;5,42;77607948000;;
RUSFAR;RUSFAR;2020-06-05;5,38;5,38;5,38;5,38;84266308000;;
RUSFAR;RUSFAR;2020-06-08;5,23;5,23;5,23;5,23;138816824000;;
RUSFAR;RUSFAR;2020-06-09;5,23;5,23;5,23;5,23;118598663000;;
RUSFAR;RUSFAR;2020-06-10;5,25;5,25;5,25;5,25;95621751000;;
RUSFAR;RUSFAR;2020-06-11;5,13;5,13;5,13;5,13;94938142000;;
RUSFAR;RUSFAR;2020-06-15;5,12;5,12;5,12;5,12;104151146000;;
RUSFAR;RUSFAR;2020-06-16;5,12;5,12;5,12;5,12;108473289000;;
RUSFAR;RUSFAR;2020-06-17;4,97;4,97;4,97;4,97;107815397000;;
RUSFAR;RUSFAR;2020-06-18;4,89;4,89;4,89;4,89;114564756000;;
RUSFAR;RUSFAR;2020-06-19;4,75;4,75;4,75;4,75;170265461000;;
RUSFAR;RUSFAR;2020-06-22;4,5;4,5;4,5;4,5;151719278000;;
RUSFAR;RUSFAR;2020-06-23;4,49;4,49;4,49;4,49;99451049000;;
RUSFAR;RUSFAR;2020-06-25;4,52;4,52;4,52;4,52;101041635000;;
RUSFAR;RUSFAR;2020-06-26;4,62;4,62;4,62;4,62;106551116000;;
RUSFAR;RUSFAR;2020-06-29;4,55;4,55;4,55;4,55;147517012000;;
RUSFAR;RUSFAR;2020-06-30;4,6;4,6;4,6;4,6;148061350000;;
RUSFAR;RUSFAR;2020-07-02;4,47;4,47;4,47;4,47;166024191000;;
RUSFAR;RUSFAR;2020-07-03;4,23;4,23;4,23;4,23;168160531000;;
RUSFAR;RUSFAR;2020-07-06;4,25;4,25;4,25;4,25;157919233000;;
RUSFAR;RUSFAR;2020-07-07;4,36;4,36;4,36;4,36;89583679000;;
RUSFAR;RUSFAR;2020-07-08;4,4;4,4;4,4;4,4;100375249000;;
RUSFAR;RUSFAR;2020-07-09;4,48;4,48;4,48;4,48;128426386000;;
RUSFAR;RUSFAR;2020-07-10;4,4;4,4;4,4;4,4;85816169000;;
RUSFAR;RUSFAR;2020-07-13;4,41;4,41;4,41;4,41;74295792000;;
RUSFAR;RUSFAR;2020-07-14;4,43;4,43;4,43;4,43;107405294000;;
RUSFAR;RUSFAR;2020-07-15;4,34;4,34;4,34;4,34;152231799000;;
RUSFAR;RUSFAR;2020-07-16;4,22;4,22;4,22;4,22;102438658000;;
RUSFAR;RUSFAR;2020-07-17;4,16;4,16;4,16;4,16;112199010000;;
RUSFAR;RUSFAR;2020-07-20;4,18;4,18;4,18;4,18;80110335000;;
RUSFAR;RUSFAR;2020-07-21;4,33;4,33;4,33;4,33;129393910000;;
RUSFAR;RUSFAR;2020-07-22;4,21;4,21;4,21;4,21;98340082000;;
RUSFAR;RUSFAR;2020-07-23;4,13;4,13;4,13;4,13;127403302000;;
RUSFAR;RUSFAR;2020-07-24;4,01;4,01;4,01;4,01;156251197000;;
RUSFAR;RUSFAR;2020-07-27;4,03;4,03;4,03;4,03;137966754000;;
RUSFAR;RUSFAR;2020-07-28;4,11;4,11;4,11;4,11;134336928000;;
RUSFAR;RUSFAR;2020-07-29;4,17;4,17;4,17;4,17;142264456000;;
RUSFAR;RUSFAR;2020-07-30;4,29;4,29;4,29;4,29;113752497000;;
RUSFAR;RUSFAR;2020-07-31;4,4;4,4;4,4;4,4;108618273000;;
RUSFAR;RUSFAR;2020-08-03;4,14;4,14;4,14;4,14;95639186000;;
RUSFAR;RUSFAR;2020-08-04;4,12;4,12;4,12;4,12;99395856000;;
RUSFAR;RUSFAR;2020-08-05;4,15;4,15;4,15;4,15;90533906000;;
RUSFAR;RUSFAR;2020-08-06;4,22;4,22;4,22;4,22;106367223000;;
RUSFAR;RUSFAR;2020-08-07;4,21;4,21;4,21;4,21;108947378000;;
RUSFAR;RUSFAR;2020-08-10;4,2;4,2;4,2;4,2;127947530000;;
RUSFAR;RUSFAR;2020-08-11;4,2;4,2;4,2;4,2;157766130000;;
RUSFAR;RUSFAR;2020-08-12;4,19;4,19;4,19;4,19;121976355000;;
RUSFAR;RUSFAR;2020-08-13;4,16;4,16;4,16;4,16;107679931000;;
RUSFAR;RUSFAR;2020-08-14;4,12;4,12;4,12;4,12;85555333000;;
RUSFAR;RUSFAR;2020-08-17;4,14;4,14;4,14;4,14;79944445000;;
RUSFAR;RUSFAR;2020-08-18;4,14;4,14;4,14;4,14;84896681000;;
RUSFAR;RUSFAR;2020-08-19;4,17;4,17;4,17;4,17;88968677000;;
RUSFAR;RUSFAR;2020-08-20;4,17;4,17;4,17;4,17;67307446000;;
RUSFAR;RUSFAR;2020-08-21;4,15;4,15;4,15;4,15;110214307000;;
RUSFAR;RUSFAR;2020-08-24;4,18;4,18;4,18;4,18;89907280000;;
RUSFAR;RUSFAR;2020-08-25;4,17;4,17;4,17;4,17;86023405000;;
RUSFAR;RUSFAR;2020-08-26;4,27;4,27;4,27;4,27;82898107000;;
RUSFAR;RUSFAR;2020-08-27;4,26;4,26;4,26;4,26;73371042000;;
RUSFAR;RUSFAR;2020-08-28;4,26;4,26;4,26;4,26;95386367000;;
RUSFAR;RUSFAR;2020-08-31;4,25;4,25;4,25;4,25;89499667000;;
RUSFAR;RUSFAR;2020-09-01;4,22;4,22;4,22;4,22;78261773000;;
RUSFAR;RUSFAR;2020-09-02;4,23;4,23;4,23;4,23;87833737000;;
RUSFAR;RUSFAR;2020-09-03;4,22;4,22;4,22;4,22;92147932000;;
RUSFAR;RUSFAR;2020-09-04;4,23;4,23;4,23;4,23;107873187000;;
RUSFAR;RUSFAR;2020-09-07;4,19;4,19;4,19;4,19;95942611000;;
RUSFAR;RUSFAR;2020-09-08;4,2;4,2;4,2;4,2;101265083000;;
RUSFAR;RUSFAR;2020-09-09;4,24;4,24;4,24;4,24;101660988000;;
RUSFAR;RUSFAR;2020-09-10;4,22;4,22;4,22;4,22;81684856000;;
RUSFAR;RUSFAR;2020-09-11;4,23;4,23;4,23;4,23;101878453000;;
RUSFAR;RUSFAR;2020-09-14;4,22;4,22;4,22;4,22;101555059000;;
RUSFAR;RUSFAR;2020-09-15;4,25;4,25;4,25;4,25;159148922000;;
RUSFAR;RUSFAR;2020-09-16;4,29;4,29;4,29;4,29;122349461000;;
RUSFAR;RUSFAR;2020-09-17;4,3;4,3;4,3;4,3;94815797000;;
RUSFAR;RUSFAR;2020-09-18;4,31;4,31;4,31;4,31;98189956000;;
RUSFAR;RUSFAR;2020-09-21;4,29;4,29;4,29;4,29;68863942000;;
RUSFAR;RUSFAR;2020-09-22;4,25;4,25;4,25;4,25;95825983000;;
RUSFAR;RUSFAR;2020-09-23;4,23;4,23;4,23;4,23;72042526000;;
RUSFAR;RUSFAR;2020-09-24;4,16;4,16;4,16;4,16;78053173000;;
RUSFAR;RUSFAR;2020-09-25;4,19;4,19;4,19;4,19;93192659000;;
RUSFAR;RUSFAR;2020-09-28;4,25;4,25;4,25;4,25;83984925000;;
RUSFAR;RUSFAR;2020-09-29;4,26;4,26;4,26;4,26;96993816000;;
RUSFAR;RUSFAR;2020-09-30;4,28;4,28;4,28;4,28;100622070000;;
RUSFAR;RUSFAR;2020-10-01;4,19;4,19;4,19;4,19;49866961000;;
RUSFAR;RUSFAR;2020-10-02;3,99;3,99;3,99;3,99;109836268000;;
RUSFAR;RUSFAR;2020-10-05;4,23;4,23;4,23;4,23;74354255000;;
RUSFAR;RUSFAR;2020-10-06;4,21;4,21;4,21;4,21;84851089000;;
RUSFAR;RUSFAR;2020-10-07;4,22;4,22;4,22;4,22;87372316000;;
RUSFAR;RUSFAR;2020-10-08;4,33;4,33;4,33;4,33;88728787000;;
RUSFAR;RUSFAR;2020-10-09;4,35;4,35;4,35;4,35;70556614000;;
RUSFAR;RUSFAR;2020-10-12;4,35;4,35;4,35;4,35;93083657000;;
RUSFAR;RUSFAR;2020-10-13;4,38;4,38;4,38;4,38;91509367000;;
RUSFAR;RUSFAR;2020-10-14;4,3;4,3;4,3;4,3;126046642000;;
RUSFAR;RUSFAR;2020-10-15;4,3;4,3;4,3;4,3;137650775000;;
RUSFAR;RUSFAR;2020-10-16;4,26;4,26;4,26;4,26;186660864000;;
RUSFAR;RUSFAR;2020-10-19;4,33;4,33;4,33;4,33;125086805000;;
RUSFAR;RUSFAR;2020-10-20;4,3;4,3;4,3;4,3;80254741000;;
RUSFAR;RUSFAR;2020-10-21;4,31;4,31;4,31;4,31;91851744000;;
RUSFAR;RUSFAR;2020-10-22;4,31;4,31;4,31;4,31;78373303000;;
RUSFAR;RUSFAR;2020-10-23;4,31;4,31;4,31;4,31;68742195000;;
RUSFAR;RUSFAR;2020-10-26;4,32;4,32;4,32;4,32;81287335000;;
RUSFAR;RUSFAR;2020-10-27;4,34;4,34;4,34;4,34;90140521000;;
RUSFAR;RUSFAR;2020-10-28;4,32;4,32;4,32;4,32;98580446000;;
RUSFAR;RUSFAR;2020-10-29;4,36;4,36;4,36;4,36;87550934000;;
RUSFAR;RUSFAR;2020-10-30;4,38;4,38;4,38;4,38;125735511000;;
RUSFAR;RUSFAR;2020-11-02;4,31;4,31;4,31;4,31;92724569000;;
RUSFAR;RUSFAR;2020-11-03;4,27;4,27;4,27;4,27;105067505000;;
RUSFAR;RUSFAR;2020-11-05;4,28;4,28;4,28;4,28;92308786000;;
RUSFAR;RUSFAR;2020-11-06;4,31;4,31;4,31;4,31;92947899000;;
RUSFAR;RUSFAR;2020-11-09;4,15;4,15;4,15;4,15;87928787000;;
RUSFAR;RUSFAR;2020-11-10;4,07;4,07;4,07;4,07;84566416000;;
RUSFAR;RUSFAR;2020-11-11;4,13;4,13;4,13;4,13;96863021000;;
RUSFAR;RUSFAR;2020-11-12;4,25;4,25;4,25;4,25;91394758000;;
RUSFAR;RUSFAR;2020-11-13;4,25;4,25;4,25;4,25;100368772000;;
RUSFAR;RUSFAR;2020-11-16;4,18;4,18;4,18;4,18;77292541000;;
RUSFAR;RUSFAR;2020-11-17;4,14;4,14;4,14;4,14;90009585000;;
RUSFAR;RUSFAR;2020-11-18;4,16;4,16;4,16;4,16;110693937000;;
RUSFAR;RUSFAR;2020-11-19;4,1;4,1;4,1;4,1;80380656000;;
RUSFAR;RUSFAR;2020-11-20;4,08;4,08;4,08;4,08;68699991000;;
RUSFAR;RUSFAR;2020-11-23;4,07;4,07;4,07;4,07;65353464000;;
RUSFAR;RUSFAR;2020-11-24;4,06;4,06;4,06;4,06;39996359000;;
RUSFAR;RUSFAR;2020-11-25;4,06;4,06;4,06;4,06;73480150000;;
RUSFAR;RUSFAR;2020-11-26;4,09;4,09;4,09;4,09;39213827000;;
RUSFAR;RUSFAR;2020-11-27;4,08;4,08;4,08;4,08;71324065000;;
RUSFAR;RUSFAR;2020-11-30;4,07;4,07;4,07;4,07;62733084000;;
RUSFAR;RUSFAR;2020-12-01;4,08;4,08;4,08;4,08;74573606000;;
RUSFAR;RUSFAR;2020-12-02;4,07;4,07;4,07;4,07;58326165000;;
RUSFAR;RUSFAR;2020-12-03;4,05;4,05;4,05;4,05;95283111000;;
RUSFAR;RUSFAR;2020-12-04;4,01;4,01;4,01;4,01;67811770000;;
RUSFAR;RUSFAR;2020-12-07;3,77;3,77;3,77;3,77;99642375000;;
RUSFAR;RUSFAR;2020-12-08;4,01;4,01;4,01;4,01;64714921000;;
RUSFAR;RUSFAR;2020-12-09;4,07;4,07;4,07;4,07;85871413000;;
RUSFAR;RUSFAR;2020-12-10;4,21;4,21;4,21;4,21;86874331000;;
RUSFAR;RUSFAR;2020-12-11;4,23;4,23;4,23;4,23;108582189000;;
RUSFAR;RUSFAR;2020-12-14;4,27;4,27;4,27;4,27;76318412000;;
RUSFAR;RUSFAR;2020-12-15;4,32;4,32;4,32;4,32;117010363000;;
RUSFAR;RUSFAR;2020-12-16;4,31;4,31;4,31;4,31;116245633000;;
RUSFAR;RUSFAR;2020-12-17;4,35;4,35;4,35;4,35;129502848000;;
RUSFAR;RUSFAR;2020-12-18;4,35;4,35;4,35;4,35;123046957000;;
RUSFAR;RUSFAR;2020-12-21;4,36;4,36;4,36;4,36;116708114000;;
RUSFAR;RUSFAR;2020-12-22;4,4;4,4;4,4;4,4;110077350000;;
RUSFAR;RUSFAR;2020-12-23;4,35;4,35;4,35;4,35;174269159000;;
RUSFAR;RUSFAR;2020-12-24;4,31;4,31;4,31;4,31;152373801000;;
RUSFAR;RUSFAR;2020-12-25;4,27;4,27;4,27;4,27;183057896000;;
RUSFAR;RUSFAR;2020-12-28;4,25;4,25;4,25;4,25;100396284000;;
RUSFAR;RUSFAR;2020-12-29;4,27;4,27;4,27;4,27;99865415000;;
RUSFAR;RUSFAR;2020-12-30;4,48;4,48;4,48;4,48;26067124000;;
RUSFAR;RUSFAR;2021-01-11;4,36;4,36;4,36;4,36;172640232000;;
RUSFAR;RUSFAR;2021-01-12;4,32;4,32;4,32;4,32;251606091000;;
RUSFAR;RUSFAR;2021-01-13;4,25;4,25;4,25;4,25;108081114000;;
RUSFAR;RUSFAR;2021-01-14;4,26;4,26;4,26;4,26;70952215000;;
RUSFAR;RUSFAR;2021-01-15;4,33;4,33;4,33;4,33;82694347000;;
RUSFAR;RUSFAR;2021-01-18;4,33;4,33;4,33;4,33;54141625000;;
RUSFAR;RUSFAR;2021-01-19;4,37;4,37;4,37;4,37;99537673000;;
RUSFAR;RUSFAR;2021-01-20;4,4;4,4;4,4;4,4;126636569000;;
RUSFAR;RUSFAR;2021-01-21;4,4;4,4;4,4;4,4;146382835000;;
RUSFAR;RUSFAR;2021-01-22;4,34;4,34;4,34;4,34;84506494000;;
RUSFAR;RUSFAR;2021-01-25;4,31;4,31;4,31;4,31;113102949000;;
RUSFAR;RUSFAR;2021-01-26;4,32;4,32;4,32;4,32;87975955000;;
RUSFAR;RUSFAR;2021-01-27;4,32;4,32;4,32;4,32;102294211000;;
RUSFAR;RUSFAR;2021-01-28;4,3;4,3;4,3;4,3;92660428000;;
RUSFAR;RUSFAR;2021-01-29;4,34;4,34;4,34;4,34;61159912000;;
RUSFAR;RUSFAR;2021-02-01;4,31;4,31;4,31;4,31;67229313000;;
RUSFAR;RUSFAR;2021-02-02;4,24;4,24;4,24;4,24;96356006000;;
RUSFAR;RUSFAR;2021-02-03;4,11;4,11;4,11;4,11;135859325000;;
RUSFAR;RUSFAR;2021-02-04;4,05;4,05;4,05;4,05;159577820000;;
RUSFAR;RUSFAR;2021-02-05;3,95;3,95;3,95;3,95;123790527000;;
RUSFAR;RUSFAR;2021-02-08;3,53;3,53;3,53;3,53;63664400000;;
RUSFAR;RUSFAR;2021-02-09;4,02;4,02;4,02;4,02;49291285000;;
RUSFAR;RUSFAR;2021-02-10;4,19;4,19;4,19;4,19;90537485000;;
RUSFAR;RUSFAR;2021-02-11;4,03;4,03;4,03;4,03;62363957000;;
RUSFAR;RUSFAR;2021-02-12;4,01;4,01;4,01;4,01;89437466000;;
RUSFAR;RUSFAR;2021-02-15;3,99;3,99;3,99;3,99;70551196000;;
RUSFAR;RUSFAR;2021-02-16;4,01;4,01;4,01;4,01;65599179000;;
RUSFAR;RUSFAR;2021-02-17;4,02;4,02;4,02;4,02;54541668000;;
RUSFAR;RUSFAR;2021-02-18;4,18;4,18;4,18;4,18;52329729000;;
RUSFAR;RUSFAR;2021-02-19;4,17;4,17;4,17;4,17;51301778000;;
RUSFAR;RUSFAR;2021-02-24;4,16;4,16;4,16;4,16;36898386000;;
RUSFAR;RUSFAR;2021-02-25;4,13;4,13;4,13;4,13;28647916000;;
RUSFAR;RUSFAR;2021-02-26;4,2;4,2;4,2;4,2;31953471000;;
RUSFAR;RUSFAR;2021-03-01;4,14;4,14;4,14;4,14;25691758000;;
RUSFAR;RUSFAR;2021-03-02;4,08;4,08;4,08;4,08;44278427000;;
RUSFAR;RUSFAR;2021-03-03;4,06;4,06;4,06;4,06;30782511000;;
RUSFAR;RUSFAR;2021-03-04;4,05;4,05;4,05;4,05;44201509000;;
RUSFAR;RUSFAR;2021-03-05;3,88;3,88;3,88;3,88;84287345000;;
RUSFAR;RUSFAR;2021-03-09;4,05;4,05;4,05;4,05;47031026000;;
RUSFAR;RUSFAR;2021-03-10;4,11;4,11;4,11;4,11;59380393000;;
RUSFAR;RUSFAR;2021-03-11;4,14;4,14;4,14;4,14;56657424000;;
RUSFAR;RUSFAR;2021-03-12;4,14;4,14;4,14;4,14;49248866000;;
RUSFAR;RUSFAR;2021-03-15;4,15;4,15;4,15;4,15;49844784000;;
RUSFAR;RUSFAR;2021-03-16;4,16;4,16;4,16;4,16;35028797000;;
RUSFAR;RUSFAR;2021-03-17;4,11;4,11;4,11;4,11;30636462000;;
RUSFAR;RUSFAR;2021-03-18;4,11;4,11;4,11;4,11;51618387000;;
RUSFAR;RUSFAR;2021-03-19;4,12;4,12;4,12;4,12;41107438000;;
RUSFAR;RUSFAR;2021-03-22;4,39;4,39;4,39;4,39;53459710000;;
RUSFAR;RUSFAR;2021-03-23;4,35;4,35;4,35;4,35;44737596000;;
RUSFAR;RUSFAR;2021-03-24;4,32;4,32;4,32;4,32;48357208000;;
RUSFAR;RUSFAR;2021-03-25;4,4;4,4;4,4;4,4;57875944000;;
RUSFAR;RUSFAR;2021-03-26;4,56;4,56;4,56;4,56;61746264000;;
RUSFAR;RUSFAR;2021-03-29;4,49;4,49;4,49;4,49;32384046000;;
RUSFAR;RUSFAR;2021-03-30;4,5;4,5;4,5;4,5;48376510000;;
RUSFAR;RUSFAR;2021-03-31;4,5;4,5;4,5;4,5;35187463000;;
RUSFAR;RUSFAR;2021-04-01;4,46;4,46;4,46;4,46;38576876000;;
RUSFAR;RUSFAR;2021-04-02;4,45;4,45;4,45;4,45;50190689000;;
RUSFAR;RUSFAR;2021-04-05;4,36;4,36;4,36;4,36;40863073000;;
RUSFAR;RUSFAR;2021-04-06;4,29;4,29;4,29;4,29;41339586000;;
RUSFAR;RUSFAR;2021-04-07;4,35;4,35;4,35;4,35;79132346000;;
RUSFAR;RUSFAR;2021-04-08;4,5;4,5;4,5;4,5;81353600000;;
RUSFAR;RUSFAR;2021-04-09;4,48;4,48;4,48;4,48;82908032000;;
RUSFAR;RUSFAR;2021-04-12;4,58;4,58;4,58;4,58;46664520000;;
RUSFAR;RUSFAR;2021-04-13;4,6;4,6;4,6;4,6;96733136000;;
RUSFAR;RUSFAR;2021-04-14;4,55;4,55;4,55;4,55;49448795000;;
RUSFAR;RUSFAR;2021-04-15;4,57;4,57;4,57;4,57;87064589000;;
RUSFAR;RUSFAR;2021-04-16;4,59;4,59;4,59;4,59;75142883000;;
RUSFAR;RUSFAR;2021-04-19;4,49;4,49;4,49;4,49;59580114000;;
RUSFAR;RUSFAR;2021-04-20;4,41;4,41;4,41;4,41;63683405000;;
RUSFAR;RUSFAR;2021-04-21;4,4;4,4;4,4;4,4;109025589000;;
RUSFAR;RUSFAR;2021-04-22;4,45;4,45;4,45;4,45;82743657000;;
RUSFAR;RUSFAR;2021-04-23;4,54;4,54;4,54;4,54;104525955000;;
RUSFAR;RUSFAR;2021-04-26;4,94;4,94;4,94;4,94;110159491000;;
RUSFAR;RUSFAR;2021-04-27;4,85;4,85;4,85;4,85;125071854000;;
RUSFAR;RUSFAR;2021-04-28;4,85;4,85;4,85;4,85;81817577000;;
RUSFAR;RUSFAR;2021-04-29;4,95;4,95;4,95;4,95;49578626000;;
RUSFAR;RUSFAR;2021-04-30;4,82;4,82;4,82;4,82;105403249000;;
RUSFAR;RUSFAR;2021-05-04;4,72;4,72;4,72;4,72;38898661000;;
RUSFAR;RUSFAR;2021-05-05;4,64;4,64;4,64;4,64;36515613000;;
RUSFAR;RUSFAR;2021-05-06;4,32;4,32;4,32;4,32;66044965000;;
RUSFAR;RUSFAR;2021-05-07;4,23;4,23;4,23;4,23;70948743000;;
RUSFAR;RUSFAR;2021-05-11;4,8;4,8;4,8;4,8;40796199000;;
RUSFAR;RUSFAR;2021-05-12;4,77;4,77;4,77;4,77;78806296000;;
RUSFAR;RUSFAR;2021-05-13;4,85;4,85;4,85;4,85;75984743000;;
RUSFAR;RUSFAR;2021-05-14;4,89;4,89;4,89;4,89;92843190000;;
RUSFAR;RUSFAR;2021-05-17;4,95;4,95;4,95;4,95;73182960000;;
RUSFAR;RUSFAR;2021-05-18;5;5;5;5;79123754000;;
RUSFAR;RUSFAR;2021-05-19;4,96;4,96;4,96;4,96;101273411000;;
RUSFAR;RUSFAR;2021-05-20;4,89;4,89;4,89;4,89;112394709000;;
RUSFAR;RUSFAR;2021-05-21;4,89;4,89;4,89;4,89;92302730000;;
RUSFAR;RUSFAR;2021-05-24;4,85;4,85;4,85;4,85;78584093000;;
RUSFAR;RUSFAR;2021-05-25;4,83;4,83;4,83;4,83;36127548000;;
RUSFAR;RUSFAR;2021-05-26;4,92;4,92;4,92;4,92;43385415000;;
RUSFAR;RUSFAR;2021-05-27;4,94;4,94;4,94;4,94;37809479000;;
RUSFAR;RUSFAR;2021-05-28;4,99;4,99;4,99;4,99;53069677000;;
RUSFAR;RUSFAR;2021-05-31;5;5;5;5;68004593000;;
RUSFAR;RUSFAR;2021-06-01;4,85;4,85;4,85;4,85;45748795000;;
RUSFAR;RUSFAR;2021-06-02;4,8;4,8;4,8;4,8;31238556000;;
RUSFAR;RUSFAR;2021-06-03;4,76;4,76;4,76;4,76;33905714000;;
RUSFAR;RUSFAR;2021-06-04;4,68;4,68;4,68;4,68;44910977000;;
RUSFAR;RUSFAR;2021-06-07;4,64;4,64;4,64;4,64;49122315000;;
RUSFAR;RUSFAR;2021-06-08;4,71;4,71;4,71;4,71;79374655000;;
RUSFAR;RUSFAR;2021-06-09;5;5;5;5;150313383000;;
RUSFAR;RUSFAR;2021-06-10;5,11;5,11;5,11;5,11;82614699000;;
RUSFAR;RUSFAR;2021-06-11;5,3;5,3;5,3;5,3;88164465000;;
RUSFAR;RUSFAR;2021-06-15;5,4;5,4;5,4;5,4;34896581000;;
RUSFAR;RUSFAR;2021-06-16;5,45;5,45;5,45;5,45;42485047000;;
RUSFAR;RUSFAR;2021-06-17;5,45;5,45;5,45;5,45;48334928000;;
RUSFAR;RUSFAR;2021-06-18;5,43;5,43;5,43;5,43;45825416000;;
RUSFAR;RUSFAR;2021-06-21;5,35;5,35;5,35;5,35;27915013000;;
RUSFAR;RUSFAR;2021-06-22;5,26;5,26;5,26;5,26;30613182000;;
RUSFAR;RUSFAR;2021-06-23;5,15;5,15;5,15;5,15;42631076000;;
RUSFAR;RUSFAR;2021-06-24;5,14;5,14;5,14;5,14;39408201000;;
RUSFAR;RUSFAR;2021-06-25;5,31;5,31;5,31;5,31;61129541000;;
RUSFAR;RUSFAR;2021-06-28;5,43;5,43;5,43;5,43;61156398000;;
RUSFAR;RUSFAR;2021-06-29;5,44;5,44;5,44;5,44;45712974000;;
RUSFAR;RUSFAR;2021-06-30;5,45;5,45;5,45;5,45;29206925000;;
RUSFAR;RUSFAR;2021-07-01;5,18;5,18;5,18;5,18;42894064000;;
RUSFAR;RUSFAR;2021-07-02;5,23;5,23;5,23;5,23;63205575000;;
RUSFAR;RUSFAR;2021-07-05;5,33;5,33;5,33;5,33;24941622000;;
RUSFAR;RUSFAR;2021-07-06;5,38;5,38;5,38;5,38;39619351000;;
RUSFAR;RUSFAR;2021-07-07;5,4;5,4;5,4;5,4;56500008000;;
RUSFAR;RUSFAR;2021-07-08;5,47;5,47;5,47;5,47;47429618000;;
RUSFAR;RUSFAR;2021-07-09;5,49;5,49;5,49;5,49;64408120000;;
RUSFAR;RUSFAR;2021-07-12;5,53;5,53;5,53;5,53;81547422000;;
RUSFAR;RUSFAR;2021-07-13;5,57;5,57;5,57;5,57;53671062000;;
RUSFAR;RUSFAR;2021-07-14;5,64;5,64;5,64;5,64;75706457000;;
RUSFAR;RUSFAR;2021-07-15;5,7;5,7;5,7;5,7;59890047000;;
RUSFAR;RUSFAR;2021-07-16;5,77;5,77;5,77;5,77;53033536000;;
RUSFAR;RUSFAR;2021-07-19;5,8;5,8;5,8;5,8;63463196000;;
RUSFAR;RUSFAR;2021-07-20;5,88;5,88;5,88;5,88;71937510000;;
RUSFAR;RUSFAR;2021-07-21;5,89;5,89;5,89;5,89;89066851000;;
RUSFAR;RUSFAR;2021-07-22;5,81;5,81;5,81;5,81;110492027000;;
RUSFAR;RUSFAR;2021-07-23;5,8;5,8;5,8;5,8;130742947000;;
RUSFAR;RUSFAR;2021-07-26;6,31;6,31;6,31;6,31;69581240000;;
RUSFAR;RUSFAR;2021-07-27;6,27;6,27;6,27;6,27;61743657000;;
RUSFAR;RUSFAR;2021-07-28;6,28;6,28;6,28;6,28;56389707000;;
RUSFAR;RUSFAR;2021-07-29;7,02;7,02;7,02;7,02;68379531000;;
RUSFAR;RUSFAR;2021-07-30;7,06;7,06;7,06;7,06;76856692000;;
RUSFAR;RUSFAR;2021-08-02;6,38;6,38;6,38;6,38;37131525000;;
RUSFAR;RUSFAR;2021-08-03;5,85;5,85;5,85;5,85;53333331000;;
RUSFAR;RUSFAR;2021-08-04;6;6;6;6;55962215000;;
RUSFAR;RUSFAR;2021-08-05;5,69;5,69;5,69;5,69;39610652000;;
RUSFAR;RUSFAR;2021-08-06;6,11;6,11;6,11;6,11;42091917000;;
RUSFAR;RUSFAR;2021-08-09;6,26;6,26;6,26;6,26;36644422000;;
RUSFAR;RUSFAR;2021-08-10;6,27;6,27;6,27;6,27;41701819000;;
RUSFAR;RUSFAR;2021-08-11;6,38;6,38;6,38;6,38;38020095000;;
RUSFAR;RUSFAR;2021-08-12;6,29;6,29;6,29;6,29;35149028000;;
RUSFAR;RUSFAR;2021-08-13;6,33;6,33;6,33;6,33;55184059000;;
RUSFAR;RUSFAR;2021-08-16;6,44;6,44;6,44;6,44;40286870000;;
RUSFAR;RUSFAR;2021-08-17;6,63;6,63;6,63;6,63;63524016000;;
RUSFAR;RUSFAR;2021-08-18;6,61;6,61;6,61;6,61;49332364000;;
RUSFAR;RUSFAR;2021-08-19;6,5;6,5;6,5;6,5;38600607000;;
RUSFAR;RUSFAR;2021-08-20;6,52;6,52;6,52;6,52;57226551000;;
RUSFAR;RUSFAR;2021-08-23;6,47;6,47;6,47;6,47;54638703000;;
RUSFAR;RUSFAR;2021-08-24;6,5;6,5;6,5;6,5;63782608000;;
RUSFAR;RUSFAR;2021-08-25;6,57;6,57;6,57;6,57;80135935000;;
RUSFAR;RUSFAR;2021-08-26;6,5;6,5;6,5;6,5;59677127000;;
RUSFAR;RUSFAR;2021-08-27;6,46;6,46;6,46;6,46;55759691000;;
RUSFAR;RUSFAR;2021-08-30;6,48;6,48;6,48;6,48;33304125000;;
RUSFAR;RUSFAR;2021-08-31;6,51;6,51;6,51;6,51;41225365000;;
RUSFAR;RUSFAR;2021-09-01;6,31;6,31;6,31;6,31;49677599000;;
RUSFAR;RUSFAR;2021-09-02;6,08;6,08;6,08;6,08;49564722000;;
RUSFAR;RUSFAR;2021-09-03;6,37;6,37;6,37;6,37;72019877000;;
RUSFAR;RUSFAR;2021-09-06;6,35;6,35;6,35;6,35;47030476000;;
RUSFAR;RUSFAR;2021-09-07;6,45;6,45;6,45;6,45;47266972000;;
RUSFAR;RUSFAR;2021-09-08;6,53;6,53;6,53;6,53;72877102000;;
RUSFAR;RUSFAR;2021-09-09;6,72;6,72;6,72;6,72;79605058000;;
RUSFAR;RUSFAR;2021-09-10;6,86;6,86;6,86;6,86;64799527000;;
RUSFAR;RUSFAR;2021-09-13;6,74;6,74;6,74;6,74;49430087000;;
RUSFAR;RUSFAR;2021-09-14;6,8;6,8;6,8;6,8;66212876000;;
RUSFAR;RUSFAR;2021-09-15;6,84;6,84;6,84;6,84;68987923000;;
RUSFAR;RUSFAR;2021-09-16;6,79;6,79;6,79;6,79;42608434000;;
RUSFAR;RUSFAR;2021-09-17;6,8;6,8;6,8;6,8;50441531000;;
RUSFAR;RUSFAR;2021-09-20;6,8;6,8;6,8;6,8;43952397000;;
RUSFAR;RUSFAR;2021-09-21;6,78;6,78;6,78;6,78;71590341000;;
RUSFAR;RUSFAR;2021-09-22;6,77;6,77;6,77;6,77;61602612000;;
RUSFAR;RUSFAR;2021-09-23;6,67;6,67;6,67;6,67;35069246000;;
RUSFAR;RUSFAR;2021-09-24;6,6;6,6;6,6;6,6;53839093000;;
RUSFAR;RUSFAR;2021-09-27;6,74;6,74;6,74;6,74;45853665000;;
RUSFAR;RUSFAR;2021-09-28;6,94;6,94;6,94;6,94;52676556000;;
RUSFAR;RUSFAR;2021-09-29;6,91;6,91;6,91;6,91;57834162000;;
RUSFAR;RUSFAR;2021-09-30;6,97;6,97;6,97;6,97;41986538000;;
RUSFAR;RUSFAR;2021-10-01;6,77;6,77;6,77;6,77;47773274000;;
RUSFAR;RUSFAR;2021-10-04;6,71;6,71;6,71;6,71;57450617000;;
RUSFAR;RUSFAR;2021-10-05;6,61;6,61;6,61;6,61;85050752000;;
RUSFAR;RUSFAR;2021-10-06;6,59;6,59;6,59;6,59;66068886000;;
RUSFAR;RUSFAR;2021-10-07;6,49;6,49;6,49;6,49;57132514000;;
RUSFAR;RUSFAR;2021-10-08;6,48;6,48;6,48;6,48;71141504000;;
RUSFAR;RUSFAR;2021-10-11;6,62;6,62;6,62;6,62;48018371000;;
RUSFAR;RUSFAR;2021-10-12;6,64;6,64;6,64;6,64;66728545000;;
RUSFAR;RUSFAR;2021-10-13;6,77;6,77;6,77;6,77;75910242000;;
RUSFAR;RUSFAR;2021-10-14;6,92;6,92;6,92;6,92;74942829000;;
RUSFAR;RUSFAR;2021-10-15;6,97;6,97;6,97;6,97;94710914000;;
RUSFAR;RUSFAR;2021-10-18;7;7;7;7;71404192000;;
RUSFAR;RUSFAR;2021-10-19;7,01;7,01;7,01;7,01;66244631000;;
RUSFAR;RUSFAR;2021-10-20;7,04;7,04;7,04;7,04;71304199000;;
RUSFAR;RUSFAR;2021-10-21;7,03;7,03;7,03;7,03;88015950000;;
RUSFAR;RUSFAR;2021-10-22;7,02;7,02;7,02;7,02;130056453000;;
RUSFAR;RUSFAR;2021-10-25;7,48;7,48;7,48;7,48;60459777000;;
RUSFAR;RUSFAR;2021-10-26;7,48;7,48;7,48;7,48;93460985000;;
RUSFAR;RUSFAR;2021-10-27;7,46;7,46;7,46;7,46;89783014000;;
RUSFAR;RUSFAR;2021-10-28;7,42;7,42;7,42;7,42;50995302000;;
RUSFAR;RUSFAR;2021-10-29;7,45;7,45;7,45;7,45;59372223000;;
RUSFAR;RUSFAR;2021-11-01;7,27;7,27;7,27;7,27;68579766000;;
RUSFAR;RUSFAR;2021-11-02;6,93;6,93;6,93;6,93;91313366000;;
RUSFAR;RUSFAR;2021-11-03;7,33;7,33;7,33;7,33;116267316000;;
RUSFAR;RUSFAR;2021-11-08;7,43;7,43;7,43;7,43;96950214000;;
RUSFAR;RUSFAR;2021-11-09;7,57;7,57;7,57;7,57;104688505000;;
RUSFAR;RUSFAR;2021-11-10;7,52;7,52;7,52;7,52;97562261000;;
RUSFAR;RUSFAR;2021-11-11;7,42;7,42;7,42;7,42;56244430000;;
RUSFAR;RUSFAR;2021-11-12;7,42;7,42;7,42;7,42;63912077000;;
RUSFAR;RUSFAR;2021-11-15;7,46;7,46;7,46;7,46;56447502000;;
RUSFAR;RUSFAR;2021-11-16;7,58;7,58;7,58;7,58;99622072000;;
RUSFAR;RUSFAR;2021-11-17;7,58;7,58;7,58;7,58;82028740000;;
RUSFAR;RUSFAR;2021-11-18;7,57;7,57;7,57;7,57;56697176000;;
RUSFAR;RUSFAR;2021-11-19;7,47;7,47;7,47;7,47;83956318000;;
RUSFAR;RUSFAR;2021-11-22;7,48;7,48;7,48;7,48;84000277000;;
RUSFAR;RUSFAR;2021-11-23;7,41;7,41;7,41;7,41;86019007000;;
RUSFAR;RUSFAR;2021-11-24;7,37;7,37;7,37;7,37;84723954000;;
RUSFAR;RUSFAR;2021-11-25;7,42;7,42;7,42;7,42;76950558000;;
RUSFAR;RUSFAR;2021-11-26;7,4;7,4;7,4;7,4;62533423000;;
RUSFAR;RUSFAR;2021-11-29;7,33;7,33;7,33;7,33;43627063000;;
RUSFAR;RUSFAR;2021-11-30;7,44;7,44;7,44;7,44;74624481000;;
RUSFAR;RUSFAR;2021-12-01;7,31;7,31;7,31;7,31;50250308000;;
RUSFAR;RUSFAR;2021-12-02;7,12;7,12;7,12;7,12;83888554000;;
RUSFAR;RUSFAR;2021-12-03;7,15;7,15;7,15;7,15;46353659000;;
RUSFAR;RUSFAR;2021-12-06;7,38;7,38;7,38;7,38;84041245000;;
RUSFAR;RUSFAR;2021-12-07;7,32;7,32;7,32;7,32;53055090000;;
RUSFAR;RUSFAR;2021-12-08;7,57;7,57;7,57;7,57;89498459000;;
RUSFAR;RUSFAR;2021-12-09;7,6;7,6;7,6;7,6;124584477000;;
RUSFAR;RUSFAR;2021-12-10;7,58;7,58;7,58;7,58;91975559000;;
RUSFAR;RUSFAR;2021-12-13;7,58;7,58;7,58;7,58;88681409000;;
RUSFAR;RUSFAR;2021-12-14;7,48;7,48;7,48;7,48;118577146000;;
RUSFAR;RUSFAR;2021-12-15;7,39;7,39;7,39;7,39;112567476000;;
RUSFAR;RUSFAR;2021-12-16;7,45;7,45;7,45;7,45;138488504000;;
RUSFAR;RUSFAR;2021-12-17;7,55;7,55;7,55;7,55;130985596000;;
RUSFAR;RUSFAR;2021-12-20;8,18;8,18;8,18;8,18;92315209000;;
RUSFAR;RUSFAR;2021-12-21;7,98;7,98;7,98;7,98;90408888000;;
RUSFAR;RUSFAR;2021-12-22;8,2;8,2;8,2;8,2;192328707000;;
RUSFAR;RUSFAR;2021-12-23;8;8;8;8;141089909000;;
RUSFAR;RUSFAR;2021-12-24;8,17;8,17;8,17;8,17;148405388000;;
RUSFAR;RUSFAR;2021-12-27;8,03;8,03;8,03;8,03;210294657000;;
RUSFAR;RUSFAR;2021-12-28;8,21;8,21;8,21;8,21;204248318000;;
RUSFAR;RUSFAR;2021-12-29;8,27;8,27;8,27;8,27;77194959000;;
RUSFAR;RUSFAR;2022-01-10;8,41;8,41;8,41;8,41;48441479000;;
RUSFAR;RUSFAR;2022-01-11;8,28;8,28;8,28;8,28;97113019000;;
RUSFAR;RUSFAR;2022-01-12;8,31;8,31;8,31;8,31;108225479000;;
RUSFAR;RUSFAR;2022-01-13;8,14;8,14;8,14;8,14;71013482000;;
RUSFAR;RUSFAR;2022-01-14;8,19;8,19;8,19;8,19;108629261000;;
RUSFAR;RUSFAR;2022-01-17;8,31;8,31;8,31;8,31;107945860000;;
RUSFAR;RUSFAR;2022-01-18;8,37;8,37;8,37;8,37;195957241000;;
RUSFAR;RUSFAR;2022-01-19;8,44;8,44;8,44;8,44;130884153000;;
RUSFAR;RUSFAR;2022-01-20;8,45;8,45;8,45;8,45;56556519000;;
RUSFAR;RUSFAR;2022-01-21;8,51;8,51;8,51;8,51;116860118000;;
RUSFAR;RUSFAR;2022-01-24;8,5;8,5;8,5;8,5;47634695000;;
RUSFAR;RUSFAR;2022-01-25;8,56;8,56;8,56;8,56;84505672000;;
RUSFAR;RUSFAR;2022-01-26;8,6;8,6;8,6;8,6;154238448000;;
RUSFAR;RUSFAR;2022-01-27;8,59;8,59;8,59;8,59;126251569000;;
RUSFAR;RUSFAR;2022-01-28;8,54;8,54;8,54;8,54;143655262000;;
RUSFAR;RUSFAR;2022-01-31;8,4;8,4;8,4;8,4;92901709000;;
RUSFAR;RUSFAR;2022-02-01;8,15;8,15;8,15;8,15;58465370000;;
RUSFAR;RUSFAR;2022-02-02;8,25;8,25;8,25;8,25;58746718000;;
RUSFAR;RUSFAR;2022-02-03;8,17;8,17;8,17;8,17;88560750000;;
RUSFAR;RUSFAR;2022-02-04;8,14;8,14;8,14;8,14;84560165000;;
RUSFAR;RUSFAR;2022-02-07;8,08;8,08;8,08;8,08;121341424000;;
RUSFAR;RUSFAR;2022-02-08;8,19;8,19;8,19;8,19;34450772000;;
RUSFAR;RUSFAR;2022-02-09;8,5;8,5;8,5;8,5;73739371000;;
RUSFAR;RUSFAR;2022-02-10;8,64;8,64;8,64;8,64;56631649000;;
RUSFAR;RUSFAR;2022-02-11;8,96;8,96;8,96;8,96;64768560000;;
RUSFAR;RUSFAR;2022-02-14;9,3;9,3;9,3;9,3;49412701000;;
RUSFAR;RUSFAR;2022-02-15;9,56;9,56;9,56;9,56;87532367000;;
RUSFAR;RUSFAR;2022-02-16;9,56;9,56;9,56;9,56;76893923000;;
RUSFAR;RUSFAR;2022-02-17;9,57;9,57;9,57;9,57;47611155000;;
RUSFAR;RUSFAR;2022-02-18;9,61;9,61;9,61;9,61;52266906000;;
RUSFAR;RUSFAR;2022-02-21;9,58;9,58;9,58;9,58;44479622000;;
RUSFAR;RUSFAR;2022-02-22;9,81;9,81;9,81;9,81;68194295000;;
RUSFAR;RUSFAR;2022-02-24;11,33;11,33;11,33;11,33;18280268000;;
RUSFAR;RUSFAR;2022-02-25;9,78;9,78;9,78;9,78;50239716000;;
RUSFAR;RUSFAR;2022-02-28;20,27;20,27;20,27;20,27;21493745000;;
RUSFAR;RUSFAR;2022-03-01;20,44;20,44;20,44;20,44;48237824000;;
RUSFAR;RUSFAR;2022-03-02;19,89;19,89;19,89;19,89;19594303000;;
RUSFAR;RUSFAR;2022-03-03;18,85;18,85;18,85;18,85;85703492000;;
RUSFAR;RUSFAR;2022-03-04;19,24;19,24;19,24;19,24;51078658000;;
RUSFAR;RUSFAR;2022-03-09;19,43;19,43;19,43;19,43;118465770000;;
RUSFAR;RUSFAR;2022-03-10;19,51;19,51;19,51;19,51;102081183000;;
RUSFAR;RUSFAR;2022-03-11;19,48;19,48;19,48;19,48;135573433000;;
RUSFAR;RUSFAR;2022-03-14;19,53;19,53;19,53;19,53;154621560000;;
RUSFAR;RUSFAR;2022-03-15;19,59;19,59;19,59;19,59;141250602000;;
RUSFAR;RUSFAR;2022-03-16;19,62;19,62;19,62;19,62;143184149000;;
RUSFAR;RUSFAR;2022-03-17;19,5;19,5;19,5;19,5;145755761000;;
RUSFAR;RUSFAR;2022-03-18;19,53;19,53;19,53;19,53;168271752000;;
RUSFAR;RUSFAR;2022-03-21;19,5;19,5;19,5;19,5;212452380000;;
RUSFAR;RUSFAR;2022-03-22;19,07;19,07;19,07;19,07;153121158000;;
RUSFAR;RUSFAR;2022-03-23;19,05;19,05;19,05;19,05;167233486000;;
RUSFAR;RUSFAR;2022-03-24;19,05;19,05;19,05;19,05;122006998000;;
RUSFAR;RUSFAR;2022-03-25;19,19;19,19;19,19;19,19;166757329000;;
RUSFAR;RUSFAR;2022-03-28;19,13;19,13;19,13;19,13;90157830000;;
RUSFAR;RUSFAR;2022-03-29;19,26;19,26;19,26;19,26;112679465000;;
RUSFAR;RUSFAR;2022-03-30;19,25;19,25;19,25;19,25;191469022000;;
RUSFAR;RUSFAR;2022-03-31;19,2;19,2;19,2;19,2;183252026000;;
RUSFAR;RUSFAR;2022-04-01;19,21;19,21;19,21;19,21;141380979000;;
RUSFAR;RUSFAR;2022-04-04;19,23;19,23;19,23;19,23;294153696000;;
RUSFAR;RUSFAR;2022-04-05;19,24;19,24;19,24;19,24;345740977000;;
RUSFAR;RUSFAR;2022-04-06;19,21;19,21;19,21;19,21;302072649000;;
RUSFAR;RUSFAR;2022-04-07;19,16;19,16;19,16;19,16;358417935000;;
RUSFAR;RUSFAR;2022-04-08;19,14;19,14;19,14;19,14;225780119000;;
RUSFAR;RUSFAR;2022-04-11;16,19;16,19;16,19;16,19;372213840000;;
RUSFAR;RUSFAR;2022-04-12;16,17;16,17;16,17;16,17;100179456000;;
RUSFAR;RUSFAR;2022-04-13;16,19;16,19;16,19;16,19;302513136000;;
RUSFAR;RUSFAR;2022-04-14;16,21;16,21;16,21;16,21;233414132000;;
RUSFAR;RUSFAR;2022-04-15;16,2;16,2;16,2;16,2;285789527000;;
RUSFAR;RUSFAR;2022-04-18;16,2;16,2;16,2;16,2;329212210000;;
RUSFAR;RUSFAR;2022-04-19;16,2;16,2;16,2;16,2;316144485000;;
RUSFAR;RUSFAR;2022-04-20;16,2;16,2;16,2;16,2;337683321000;;
RUSFAR;RUSFAR;2022-04-21;16,21;16,21;16,21;16,21;374258174000;;
RUSFAR;RUSFAR;2022-04-22;16,21;16,21;16,21;16,21;374665352000;;
RUSFAR;RUSFAR;2022-04-25;16,22;16,22;16,22;16,22;368344786000;;
RUSFAR;RUSFAR;2022-04-26;16,29;16,29;16,29;16,29;164135140000;;
RUSFAR;RUSFAR;2022-04-27;16,29;16,29;16,29;16,29;215436193000;;
RUSFAR;RUSFAR;2022-04-28;16,31;16,31;16,31;16,31;167666563000;;
RUSFAR;RUSFAR;2022-04-29;16,62;16,62;16,62;16,62;138086460000;;
RUSFAR;RUSFAR;2022-05-04;13,53;13,53;13,53;13,53;186279885000;;
RUSFAR;RUSFAR;2022-05-05;13,87;13,87;13,87;13,87;173864568000;;
RUSFAR;RUSFAR;2022-05-06;14,11;14,11;14,11;14,11;228754394000;;
RUSFAR;RUSFAR;2022-05-11;14,09;14,09;14,09;14,09;76575890000;;
RUSFAR;RUSFAR;2022-05-12;14,07;14,07;14,07;14,07;121947830000;;
RUSFAR;RUSFAR;2022-05-13;13,83;13,83;13,83;13,83;118556156000;;
RUSFAR;RUSFAR;2022-05-16;13,69;13,69;13,69;13,69;238964904000;;
RUSFAR;RUSFAR;2022-05-17;13,86;13,86;13,86;13,86;116809351000;;
RUSFAR;RUSFAR;2022-05-18;13,8;13,8;13,8;13,8;125464627000;;
RUSFAR;RUSFAR;2022-05-19;13,7;13,7;13,7;13,7;50671844000;;
RUSFAR;RUSFAR;2022-05-20;13,65;13,65;13,65;13,65;191419398000;;
RUSFAR;RUSFAR;2022-05-23;13,62;13,62;13,62;13,62;45966780000;;
RUSFAR;RUSFAR;2022-05-24;13,58;13,58;13,58;13,58;104042041000;;
RUSFAR;RUSFAR;2022-05-25;13,59;13,59;13,59;13,59;235711837000;;
RUSFAR;RUSFAR;2022-05-26;13,08;13,08;13,08;13,08;80678657000;;
RUSFAR;RUSFAR;2022-05-27;10,71;10,71;10,71;10,71;51866001000;;
RUSFAR;RUSFAR;2022-05-30;10,71;10,71;10,71;10,71;58911505000;;
RUSFAR;RUSFAR;2022-05-31;10,79;10,79;10,79;10,79;57528755000;;
RUSFAR;RUSFAR;2022-06-01;10,77;10,77;10,77;10,77;77300682000;;
RUSFAR;RUSFAR;2022-06-02;10,7;10,7;10,7;10,7;110655557000;;
RUSFAR;RUSFAR;2022-06-03;10,55;10,55;10,55;10,55;138183178000;;
RUSFAR;RUSFAR;2022-06-06;10,4;10,4;10,4;10,4;51007534000;;
RUSFAR;RUSFAR;2022-06-07;10,33;10,33;10,33;10,33;54610030000;;
RUSFAR;RUSFAR;2022-06-08;10,69;10,69;10,69;10,69;98326174000;;
RUSFAR;RUSFAR;2022-06-09;11,37;11,37;11,37;11,37;73078982000;;
RUSFAR;RUSFAR;2022-06-10;10,92;10,92;10,92;10,92;161828459000;;
RUSFAR;RUSFAR;2022-06-14;9,65;9,65;9,65;9,65;81125823000;;
RUSFAR;RUSFAR;2022-06-15;9,74;9,74;9,74;9,74;237147202000;;
RUSFAR;RUSFAR;2022-06-16;9,34;9,34;9,34;9,34;178740710000;;
RUSFAR;RUSFAR;2022-06-17;9,02;9,02;9,02;9,02;277005082000;;
RUSFAR;RUSFAR;2022-06-20;8,98;8,98;8,98;8,98;158766434000;;
RUSFAR;RUSFAR;2022-06-21;8,85;8,85;8,85;8,85;96393453000;;
RUSFAR;RUSFAR;2022-06-22;8,87;8,87;8,87;8,87;96659960000;;
RUSFAR;RUSFAR;2022-06-23;8,91;8,91;8,91;8,91;92787422000;;
RUSFAR;RUSFAR;2022-06-24;8,91;8,91;8,91;8,91;138219873000;;
RUSFAR;RUSFAR;2022-06-27;8,89;8,89;8,89;8,89;81601858000;;
RUSFAR;RUSFAR;2022-06-28;8,97;8,97;8,97;8,97;116049309000;;
RUSFAR;RUSFAR;2022-06-29;9,02;9,02;9,02;9,02;76817385000;;
RUSFAR;RUSFAR;2022-06-30;9,02;9,02;9,02;9,02;108528486000;;
RUSFAR;RUSFAR;2022-07-01;8,99;8,99;8,99;8,99;169251764000;;
RUSFAR;RUSFAR;2022-07-04;8,87;8,87;8,87;8,87;137573205000;;
RUSFAR;RUSFAR;2022-07-05;8,86;8,86;8,86;8,86;155689008000;;
RUSFAR;RUSFAR;2022-07-06;9;9;9;9;66162357000;;
RUSFAR;RUSFAR;2022-07-07;9,03;9,03;9,03;9,03;121221400000;;
RUSFAR;RUSFAR;2022-07-08;9,09;9,09;9,09;9,09;89474321000;;
RUSFAR;RUSFAR;2022-07-11;9,24;9,24;9,24;9,24;90713925000;;
RUSFAR;RUSFAR;2022-07-12;9,49;9,49;9,49;9,49;99123548000;;
RUSFAR;RUSFAR;2022-07-13;9,32;9,32;9,32;9,32;86241241000;;
RUSFAR;RUSFAR;2022-07-14;9,3;9,3;9,3;9,3;102990049000;;
RUSFAR;RUSFAR;2022-07-15;9,33;9,33;9,33;9,33;76489509000;;
RUSFAR;RUSFAR;2022-07-18;9,37;9,37;9,37;9,37;88261559000;;
RUSFAR;RUSFAR;2022-07-19;9,46;9,46;9,46;9,46;80947910000;;
RUSFAR;RUSFAR;2022-07-20;9,5;9,5;9,5;9,5;160336507000;;
RUSFAR;RUSFAR;2022-07-21;9,47;9,47;9,47;9,47;220606758000;;
RUSFAR;RUSFAR;2022-07-22;9,31;9,31;9,31;9,31;164075017000;;
RUSFAR;RUSFAR;2022-07-25;8,09;8,09;8,09;8,09;125682751000;;
RUSFAR;RUSFAR;2022-07-26;8,29;8,29;8,29;8,29;52561024000;;
RUSFAR;RUSFAR;2022-07-27;8,24;8,24;8,24;8,24;210043181000;;
RUSFAR;RUSFAR;2022-07-28;8,1;8,1;8,1;8,1;267810406000;;
RUSFAR;RUSFAR;2022-07-29;8,15;8,15;8,15;8,15;139403065000;;
RUSFAR;RUSFAR;2022-08-01;8,02;8,02;8,02;8,02;154308183000;;
RUSFAR;RUSFAR;2022-08-02;8;8;8;8;222426998000;;
RUSFAR;RUSFAR;2022-08-03;7,82;7,82;7,82;7,82;92976412000;;
RUSFAR;RUSFAR;2022-08-04;7,8;7,8;7,8;7,8;262125961000;;
RUSFAR;RUSFAR;2022-08-05;7,75;7,75;7,75;7,75;378190969000;;
RUSFAR;RUSFAR;2022-08-08;7,75;7,75;7,75;7,75;240772141000;;
RUSFAR;RUSFAR;2022-08-09;7,91;7,91;7,91;7,91;176905465000;;
RUSFAR;RUSFAR;2022-08-10;7,89;7,89;7,89;7,89;63171756000;;
RUSFAR;RUSFAR;2022-08-11;7,9;7,9;7,9;7,9;103158143000;;
RUSFAR;RUSFAR;2022-08-12;7,9;7,9;7,9;7,9;102791289000;;
RUSFAR;RUSFAR;2022-08-15;7,9;7,9;7,9;7,9;84778345000;;
RUSFAR;RUSFAR;2022-08-16;7,91;7,91;7,91;7,91;76487576000;;
RUSFAR;RUSFAR;2022-08-17;7,91;7,91;7,91;7,91;42759931000;;
RUSFAR;RUSFAR;2022-08-18;7,91;7,91;7,91;7,91;63115136000;;
RUSFAR;RUSFAR;2022-08-19;7,92;7,92;7,92;7,92;87466269000;;
RUSFAR;RUSFAR;2022-08-22;7,91;7,91;7,91;7,91;77039804000;;
RUSFAR;RUSFAR;2022-08-23;7,91;7,91;7,91;7,91;79275680000;;
RUSFAR;RUSFAR;2022-08-24;7,92;7,92;7,92;7,92;63066302000;;
RUSFAR;RUSFAR;2022-08-25;7,98;7,98;7,98;7,98;87227710000;;
RUSFAR;RUSFAR;2022-08-26;8,12;8,12;8,12;8,12;67088176000;;
RUSFAR;RUSFAR;2022-08-29;8,12;8,12;8,12;8,12;62037243000;;
RUSFAR;RUSFAR;2022-08-30;8,08;8,08;8,08;8,08;82984238000;;
RUSFAR;RUSFAR;2022-08-31;7,93;7,93;7,93;7,93;60964086000;;
RUSFAR;RUSFAR;2022-09-01;7,87;7,87;7,87;7,87;65871971000;;
RUSFAR;RUSFAR;2022-09-02;7,87;7,87;7,87;7,87;84078361000;;
RUSFAR;RUSFAR;2022-09-05;7,88;7,88;7,88;7,88;87598382000;;
RUSFAR;RUSFAR;2022-09-06;7,9;7,9;7,9;7,9;88640873000;;
RUSFAR;RUSFAR;2022-09-07;7,77;7,77;7,77;7,77;91495380000;;
RUSFAR;RUSFAR;2022-09-08;7,77;7,77;7,77;7,77;126725161000;;
RUSFAR;RUSFAR;2022-09-09;7,79;7,79;7,79;7,79;87990128000;;
RUSFAR;RUSFAR;2022-09-12;7,61;7,61;7,61;7,61;78663331000;;
RUSFAR;RUSFAR;2022-09-13;7,73;7,73;7,73;7,73;109498652000;;
RUSFAR;RUSFAR;2022-09-14;7,78;7,78;7,78;7,78;91188782000;;
RUSFAR;RUSFAR;2022-09-15;7,71;7,71;7,71;7,71;108997930000;;
RUSFAR;RUSFAR;2022-09-16;7,56;7,56;7,56;7,56;109463862000;;
RUSFAR;RUSFAR;2022-09-19;7,35;7,35;7,35;7,35;92149889000;;
RUSFAR;RUSFAR;2022-09-20;7,48;7,48;7,48;7,48;118932202000;;
RUSFAR;RUSFAR;2022-09-21;7,52;7,52;7,52;7,52;91612977000;;
RUSFAR;RUSFAR;2022-09-22;7,45;7,45;7,45;7,45;88215900000;;
RUSFAR;RUSFAR;2022-09-23;7,43;7,43;7,43;7,43;86112736000;;
RUSFAR;RUSFAR;2022-09-26;7,48;7,48;7,48;7,48;90347317000;;
RUSFAR;RUSFAR;2022-09-27;7,7;7,7;7,7;7,7;79500082000;;
RUSFAR;RUSFAR;2022-09-28;7,74;7,74;7,74;7,74;73895437000;;
RUSFAR;RUSFAR;2022-09-29;7,79;7,79;7,79;7,79;66348994000;;
RUSFAR;RUSFAR;2022-09-30;7,87;7,87;7,87;7,87;77198216000;;
RUSFAR;RUSFAR;2022-10-03;8,08;8,08;8,08;8,08;71876867000;;
RUSFAR;RUSFAR;2022-10-04;7,95;7,95;7,95;7,95;89869575000;;
RUSFAR;RUSFAR;2022-10-05;7,94;7,94;7,94;7,94;117749757000;;
RUSFAR;RUSFAR;2022-10-06;7,84;7,84;7,84;7,84;109787080000;;
RUSFAR;RUSFAR;2022-10-07;7,78;7,78;7,78;7,78;100103098000;;
RUSFAR;RUSFAR;2022-10-10;7,65;7,65;7,65;7,65;76867453000;;
RUSFAR;RUSFAR;2022-10-11;7,52;7,52;7,52;7,52;93281838000;;
RUSFAR;RUSFAR;2022-10-12;7,53;7,53;7,53;7,53;112485497000;;
RUSFAR;RUSFAR;2022-10-13;7,45;7,45;7,45;7,45;115734466000;;
RUSFAR;RUSFAR;2022-10-14;7,42;7,42;7,42;7,42;151215237000;;
RUSFAR;RUSFAR;2022-10-17;7,5;7,5;7,5;7,5;128742623000;;
RUSFAR;RUSFAR;2022-10-18;7,55;7,55;7,55;7,55;159339939000;;
RUSFAR;RUSFAR;2022-10-19;7,49;7,49;7,49;7,49;144336258000;;
RUSFAR;RUSFAR;2022-10-20;7,46;7,46;7,46;7,46;158457010000;;
RUSFAR;RUSFAR;2022-10-21;7,39;7,39;7,39;7,39;157496925000;;
RUSFAR;RUSFAR;2022-10-24;7,41;7,41;7,41;7,41;142496781000;;
RUSFAR;RUSFAR;2022-10-25;7,46;7,46;7,46;7,46;191486458000;;
RUSFAR;RUSFAR;2022-10-26;7,5;7,5;7,5;7,5;179420250000;;
RUSFAR;RUSFAR;2022-10-27;7,51;7,51;7,51;7,51;185658985000;;
RUSFAR;RUSFAR;2022-10-28;7,5;7,5;7,5;7,5;205831216000;;
RUSFAR;RUSFAR;2022-10-31;7,5;7,5;7,5;7,5;162920611000;;
RUSFAR;RUSFAR;2022-11-01;7,54;7,54;7,54;7,54;172456568000;;
RUSFAR;RUSFAR;2022-11-02;7,57;7,57;7,57;7,57;166090449000;;
RUSFAR;RUSFAR;2022-11-03;7,63;7,63;7,63;7,63;184965795000;;
RUSFAR;RUSFAR;2022-11-07;7,61;7,61;7,61;7,61;186779218000;;
RUSFAR;RUSFAR;2022-11-08;7,56;7,56;7,56;7,56;165812976000;;
RUSFAR;RUSFAR;2022-11-09;7,54;7,54;7,54;7,54;192407955000;;
RUSFAR;RUSFAR;2022-11-10;7,43;7,43;7,43;7,43;166791618000;;
RUSFAR;RUSFAR;2022-11-11;7,39;7,39;7,39;7,39;190190461000;;
RUSFAR;RUSFAR;2022-11-14;7,05;7,05;7,05;7,05;142770234000;;
RUSFAR;RUSFAR;2022-11-15;7,2;7,2;7,2;7,2;186736302000;;
RUSFAR;RUSFAR;2022-11-16;7,37;7,37;7,37;7,37;146472507000;;
RUSFAR;RUSFAR;2022-11-17;7,43;7,43;7,43;7,43;134570452000;;
RUSFAR;RUSFAR;2022-11-18;7,46;7,46;7,46;7,46;143174787000;;
RUSFAR;RUSFAR;2022-11-21;7,42;7,42;7,42;7,42;154966591000;;
RUSFAR;RUSFAR;2022-11-22;7,33;7,33;7,33;7,33;117010741000;;
RUSFAR;RUSFAR;2022-11-23;7,07;7,07;7,07;7,07;117347159000;;
RUSFAR;RUSFAR;2022-11-24;6,83;6,83;6,83;6,83;116061449000;;
RUSFAR;RUSFAR;2022-11-25;6,84;6,84;6,84;6,84;70568607000;;
RUSFAR;RUSFAR;2022-11-28;6,95;6,95;6,95;6,95;100756085000;;
RUSFAR;RUSFAR;2022-11-29;7,06;7,06;7,06;7,06;144179946000;;
RUSFAR;RUSFAR;2022-11-30;7,21;7,21;7,21;7,21;113245952000;;
RUSFAR;RUSFAR;2022-12-01;7,05;7,05;7,05;7,05;107855044000;;
RUSFAR;RUSFAR;2022-12-02;7,37;7,37;7,37;7,37;150917657000;;
RUSFAR;RUSFAR;2022-12-05;7,24;7,24;7,24;7,24;165721534000;;
RUSFAR;RUSFAR;2022-12-06;7,27;7,27;7,27;7,27;148515899000;;
RUSFAR;RUSFAR;2022-12-07;7,33;7,33;7,33;7,33;179278094000;;
RUSFAR;RUSFAR;2022-12-08;7,29;7,29;7,29;7,29;206757674000;;
RUSFAR;RUSFAR;2022-12-09;7,32;7,32;7,32;7,32;272047981000;;
RUSFAR;RUSFAR;2022-12-12;7,3;7,3;7,3;7,3;186773929000;;
RUSFAR;RUSFAR;2022-12-13;7,34;7,34;7,34;7,34;254028286000;;
RUSFAR;RUSFAR;2022-12-14;7,3;7,3;7,3;7,3;131175166000;;
RUSFAR;RUSFAR;2022-12-15;7,32;7,32;7,32;7,32;148560402000;;
RUSFAR;RUSFAR;2022-12-16;7,33;7,33;7,33;7,33;133141035000;;
RUSFAR;RUSFAR;2022-12-19;7,33;7,33;7,33;7,33;150978403000;;
RUSFAR;RUSFAR;2022-12-20;7,36;7,36;7,36;7,36;182388981000;;
RUSFAR;RUSFAR;2022-12-21;7,35;7,35;7,35;7,35;154473453000;;
RUSFAR;RUSFAR;2022-12-22;7,33;7,33;7,33;7,33;171481909000;;
RUSFAR;RUSFAR;2022-12-23;7,25;7,25;7,25;7,25;194666201000;;
RUSFAR;RUSFAR;2022-12-26;7,17;7,17;7,17;7,17;129422886000;;
RUSFAR;RUSFAR;2022-12-27;7,16;7,16;7,16;7,16;142483989000;;
RUSFAR;RUSFAR;2022-12-28;7,17;7,17;7,17;7,17;127988263000;;
RUSFAR;RUSFAR;2022-12-29;7,2;7,2;7,2;7,2;204554150000;;
RUSFAR;RUSFAR;2023-01-09;7,04;7,04;7,04;7,04;457999553000;;
RUSFAR;RUSFAR;2023-01-10;7,1;7,1;7,1;7,1;125531790000;;
RUSFAR;RUSFAR;2023-01-11;7,1;7,1;7,1;7,1;151570304000;;
RUSFAR;RUSFAR;2023-01-12;6,85;6,85;6,85;6,85;177072137000;;
RUSFAR;RUSFAR;2023-01-13;6,71;6,71;6,71;6,71;146380359000;;
RUSFAR;RUSFAR;2023-01-16;6,81;6,81;6,81;6,81;139073509000;;
RUSFAR;RUSFAR;2023-01-17;7,13;7,13;7,13;7,13;127469557000;;
RUSFAR;RUSFAR;2023-01-18;7,04;7,04;7,04;7,04;126170175000;;
RUSFAR;RUSFAR;2023-01-19;7;7;7;7;194576976000;;
RUSFAR;RUSFAR;2023-01-20;6,9;6,9;6,9;6,9;138339735000;;
RUSFAR;RUSFAR;2023-01-23;6,9;6,9;6,9;6,9;273514602000;;
RUSFAR;RUSFAR;2023-01-24;6,84;6,84;6,84;6,84;143225322000;;
RUSFAR;RUSFAR;2023-01-25;6,91;6,91;6,91;6,91;153140033000;;
RUSFAR;RUSFAR;2023-01-26;6,87;6,87;6,87;6,87;90100371000;;
RUSFAR;RUSFAR;2023-01-27;6,85;6,85;6,85;6,85;122239062000;;
RUSFAR;RUSFAR;2023-01-30;6,86;6,86;6,86;6,86;144212713000;;
RUSFAR;RUSFAR;2023-01-31;7,05;7,05;7,05;7,05;206361085000;;
RUSFAR;RUSFAR;2023-02-01;7,01;7,01;7,01;7,01;104104138000;;
RUSFAR;RUSFAR;2023-02-02;7;7;7;7;124969792000;;
RUSFAR;RUSFAR;2023-02-03;6,94;6,94;6,94;6,94;108832146000;;
RUSFAR;RUSFAR;2023-02-06;6,9;6,9;6,9;6,9;88192932000;;
RUSFAR;RUSFAR;2023-02-07;6,81;6,81;6,81;6,81;98805094000;;
RUSFAR;RUSFAR;2023-02-08;6,91;6,91;6,91;6,91;117412705000;;
RUSFAR;RUSFAR;2023-02-09;6,81;6,81;6,81;6,81;114654653000;;
RUSFAR;RUSFAR;2023-02-10;6,8;6,8;6,8;6,8;152113792000;;
RUSFAR;RUSFAR;2023-02-13;6,73;6,73;6,73;6,73;113088876000;;
RUSFAR;RUSFAR;2023-02-14;6,93;6,93;6,93;6,93;81017662000;;
RUSFAR;RUSFAR;2023-02-15;7,05;7,05;7,05;7,05;100950322000;;
RUSFAR;RUSFAR;2023-02-16;7,13;7,13;7,13;7,13;108850270000;;
RUSFAR;RUSFAR;2023-02-17;7,24;7,24;7,24;7,24;116583275000;;
RUSFAR;RUSFAR;2023-02-20;7,33;7,33;7,33;7,33;127349768000;;
RUSFAR;RUSFAR;2023-02-21;7,46;7,46;7,46;7,46;122361402000;;
RUSFAR;RUSFAR;2023-02-22;7,45;7,45;7,45;7,45;188902750000;;
RUSFAR;RUSFAR;2023-02-27;7,44;7,44;7,44;7,44;73968427000;;
RUSFAR;RUSFAR;2023-02-28;7,67;7,67;7,67;7,67;132568270000;;
RUSFAR;RUSFAR;2023-03-01;7,65;7,65;7,65;7,65;96154036000;;
RUSFAR;RUSFAR;2023-03-02;7,53;7,53;7,53;7,53;172302947000;;
RUSFAR;RUSFAR;2023-03-03;7,67;7,67;7,67;7,67;206833255000;;
RUSFAR;RUSFAR;2023-03-06;7,67;7,67;7,67;7,67;136481301000;;
RUSFAR;RUSFAR;2023-03-07;7,72;7,72;7,72;7,72;136108632000;;
RUSFAR;RUSFAR;2023-03-09;7,49;7,49;7,49;7,49;133290180000;;
RUSFAR;RUSFAR;2023-03-10;7,22;7,22;7,22;7,22;264294403000;;
RUSFAR;RUSFAR;2023-03-13;7;7;7;7;156115655000;;
RUSFAR;RUSFAR;2023-03-14;7,11;7,11;7,11;7,11;99899263000;;
RUSFAR;RUSFAR;2023-03-15;7,19;7,19;7,19;7,19;136613950000;;
RUSFAR;RUSFAR;2023-03-16;7,19;7,19;7,19;7,19;130560184000;;
RUSFAR;RUSFAR;2023-03-17;7,23;7,23;7,23;7,23;128013530000;;
RUSFAR;RUSFAR;2023-03-20;7,19;7,19;7,19;7,19;109332354000;;
RUSFAR;RUSFAR;2023-03-21;7,25;7,25;7,25;7,25;144505934000;;
RUSFAR;RUSFAR;2023-03-22;7,2;7,2;7,2;7,2;90964477000;;
RUSFAR;RUSFAR;2023-03-23;7,02;7,02;7,02;7,02;95498422000;;
RUSFAR;RUSFAR;2023-03-24;7,04;7,04;7,04;7,04;91229939000;;
RUSFAR;RUSFAR;2023-03-27;7,13;7,13;7,13;7,13;99155638000;;
RUSFAR;RUSFAR;2023-03-28;7,2;7,2;7,2;7,2;99797555000;;
RUSFAR;RUSFAR;2023-03-29;7,55;7,55;7,55;7,55;105691897000;;
RUSFAR;RUSFAR;2023-03-30;7,17;7,17;7,17;7,17;108236431000;;
RUSFAR;RUSFAR;2023-03-31;7,36;7,36;7,36;7,36;140234623000;;
RUSFAR;RUSFAR;2023-04-03;7,13;7,13;7,13;7,13;80362731000;;
RUSFAR;RUSFAR;2023-04-04;7,03;7,03;7,03;7,03;77090201000;;
RUSFAR;RUSFAR;2023-04-05;6,93;6,93;6,93;6,93;98764004000;;
RUSFAR;RUSFAR;2023-04-06;6,91;6,91;6,91;6,91;108747376000;;
RUSFAR;RUSFAR;2023-04-07;7,02;7,02;7,02;7,02;80169608000;;
RUSFAR;RUSFAR;2023-04-10;7,01;7,01;7,01;7,01;102133375000;;
RUSFAR;RUSFAR;2023-04-11;7,12;7,12;7,12;7,12;76841972000;;
RUSFAR;RUSFAR;2023-04-12;7,14;7,14;7,14;7,14;110499305000;;
RUSFAR;RUSFAR;2023-04-13;7,18;7,18;7,18;7,18;101897296000;;
RUSFAR;RUSFAR;2023-04-14;7,33;7,33;7,33;7,33;139279307000;;
RUSFAR;RUSFAR;2023-04-17;7,38;7,38;7,38;7,38;109781376000;;
RUSFAR;RUSFAR;2023-04-18;7,49;7,49;7,49;7,49;93581971000;;
RUSFAR;RUSFAR;2023-04-19;7,42;7,42;7,42;7,42;108862340000;;
RUSFAR;RUSFAR;2023-04-20;7,26;7,26;7,26;7,26;110661882000;;
RUSFAR;RUSFAR;2023-04-21;7,11;7,11;7,11;7,11;134199305000;;
RUSFAR;RUSFAR;2023-04-24;7,07;7,07;7,07;7,07;120024412000;;
RUSFAR;RUSFAR;2023-04-25;7,05;7,05;7,05;7,05;90449614000;;
RUSFAR;RUSFAR;2023-04-26;6,89;6,89;6,89;6,89;147195796000;;
RUSFAR;RUSFAR;2023-04-27;6,76;6,76;6,76;6,76;106930336000;;
RUSFAR;RUSFAR;2023-04-28;7,25;7,25;7,25;7,25;119654928000;;
RUSFAR;RUSFAR;2023-05-02;7,4;7,4;7,4;7,4;126547468000;;
RUSFAR;RUSFAR;2023-05-03;7,12;7,12;7,12;7,12;148505195000;;
RUSFAR;RUSFAR;2023-05-04;7,11;7,11;7,11;7,11;85613581000;;
RUSFAR;RUSFAR;2023-05-05;6,92;6,92;6,92;6,92;175318688000;;
RUSFAR;RUSFAR;2023-05-10;7,24;7,24;7,24;7,24;87659743000;;
RUSFAR;RUSFAR;2023-05-11;7,13;7,13;7,13;7,13;106451298000;;
RUSFAR;RUSFAR;2023-05-12;7,04;7,04;7,04;7,04;145742418000;;
RUSFAR;RUSFAR;2023-05-15;7,19;7,19;7,19;7,19;75381453000;;
RUSFAR;RUSFAR;2023-05-16;7,41;7,41;7,41;7,41;121426138000;;
RUSFAR;RUSFAR;2023-05-17;7,15;7,15;7,15;7,15;152527979000;;
RUSFAR;RUSFAR;2023-05-18;7,24;7,24;7,24;7,24;158453742000;;
RUSFAR;RUSFAR;2023-05-19;7,25;7,25;7,25;7,25;141999754000;;
RUSFAR;RUSFAR;2023-05-22;7,26;7,26;7,26;7,26;119683974000;;
RUSFAR;RUSFAR;2023-05-23;7,25;7,25;7,25;7,25;124716478000;;
RUSFAR;RUSFAR;2023-05-24;7,25;7,25;7,25;7,25;141518200000;;
RUSFAR;RUSFAR;2023-05-25;7,2;7,2;7,2;7,2;176450606000;;
RUSFAR;RUSFAR;2023-05-26;7,17;7,17;7,17;7,17;222291621000;;
RUSFAR;RUSFAR;2023-05-29;7,27;7,27;7,27;7,27;183075913000;;
RUSFAR;RUSFAR;2023-05-30;7,21;7,21;7,21;7,21;173863779000;;
RUSFAR;RUSFAR;2023-05-31;7,21;7,21;7,21;7,21;135945857000;;
RUSFAR;RUSFAR;2023-06-01;7,22;7,22;7,22;7,22;150309894000;;
RUSFAR;RUSFAR;2023-06-02;7,25;7,25;7,25;7,25;174018788000;;
RUSFAR;RUSFAR;2023-06-05;7,25;7,25;7,25;7,25;160123131000;;
RUSFAR;RUSFAR;2023-06-06;7,27;7,27;7,27;7,27;245760648000;;
RUSFAR;RUSFAR;2023-06-07;7,28;7,28;7,28;7,28;163908655000;;
RUSFAR;RUSFAR;2023-06-08;7,24;7,24;7,24;7,24;190868937000;;
RUSFAR;RUSFAR;2023-06-09;7,21;7,21;7,21;7,21;160617618000;;
RUSFAR;RUSFAR;2023-06-13;7,37;7,37;7,37;7,37;168059789000;;
RUSFAR;RUSFAR;2023-06-14;7,33;7,33;7,33;7,33;120571216000;;
RUSFAR;RUSFAR;2023-06-15;7,26;7,26;7,26;7,26;144800432000;;
RUSFAR;RUSFAR;2023-06-16;7,25;7,25;7,25;7,25;141816861000;;
RUSFAR;RUSFAR;2023-06-19;7,18;7,18;7,18;7,18;128560770000;;
RUSFAR;RUSFAR;2023-06-20;7,1;7,1;7,1;7,1;145107731000;;
RUSFAR;RUSFAR;2023-06-21;7,1;7,1;7,1;7,1;136309531000;;
RUSFAR;RUSFAR;2023-06-22;7,11;7,11;7,11;7,11;149190658000;;
RUSFAR;RUSFAR;2023-06-23;7,1;7,1;7,1;7,1;176379672000;;
RUSFAR;RUSFAR;2023-06-26;7,14;7,14;7,14;7,14;147469503000;;
RUSFAR;RUSFAR;2023-06-27;7,11;7,11;7,11;7,11;150368412000;;
RUSFAR;RUSFAR;2023-06-28;7,23;7,23;7,23;7,23;110568178000;;
RUSFAR;RUSFAR;2023-06-29;7,34;7,34;7,34;7,34;108271178000;;
RUSFAR;RUSFAR;2023-06-30;7,44;7,44;7,44;7,44;143776585000;;
RUSFAR;RUSFAR;2023-07-03;7,39;7,39;7,39;7,39;101822951000;;
RUSFAR;RUSFAR;2023-07-04;7,15;7,15;7,15;7,15;220530797000;;
RUSFAR;RUSFAR;2023-07-05;7,17;7,17;7,17;7,17;113264072000;;
RUSFAR;RUSFAR;2023-07-06;7,18;7,18;7,18;7,18;115861654000;;
RUSFAR;RUSFAR;2023-07-07;7,17;7,17;7,17;7,17;120872663000;;
RUSFAR;RUSFAR;2023-07-10;7,19;7,19;7,19;7,19;108503197000;;
RUSFAR;RUSFAR;2023-07-11;7,52;7,52;7,52;7,52;129801029000;;
RUSFAR;RUSFAR;2023-07-12;7,48;7,48;7,48;7,48;206056679000;;
RUSFAR;RUSFAR;2023-07-13;7,47;7,47;7,47;7,47;171114079000;;
RUSFAR;RUSFAR;2023-07-14;7,6;7,6;7,6;7,6;220377696000;;
RUSFAR;RUSFAR;2023-07-17;7,97;7,97;7,97;7,97;194778439000;;
RUSFAR;RUSFAR;2023-07-18;7,89;7,89;7,89;7,89;215957320000;;
RUSFAR;RUSFAR;2023-07-19;7,87;7,87;7,87;7,87;320706233000;;
RUSFAR;RUSFAR;2023-07-20;7,89;7,89;7,89;7,89;294446902000;;
RUSFAR;RUSFAR;2023-07-21;8,03;8,03;8,03;8,03;196507674000;;
RUSFAR;RUSFAR;2023-07-24;8,2;8,2;8,2;8,2;207364620000;;
RUSFAR;RUSFAR;2023-07-25;8,19;8,19;8,19;8,19;290006612000;;
RUSFAR;RUSFAR;2023-07-26;8,19;8,19;8,19;8,19;225122560000;;
RUSFAR;RUSFAR;2023-07-27;8,19;8,19;8,19;8,19;192280112000;;
RUSFAR;RUSFAR;2023-07-28;8,2;8,2;8,2;8,2;158950876000;;
RUSFAR;RUSFAR;2023-07-31;8,25;8,25;8,25;8,25;175140335000;;
RUSFAR;RUSFAR;2023-08-01;8,16;8,16;8,16;8,16;204612687000;;
RUSFAR;RUSFAR;2023-08-02;8,08;8,08;8,08;8,08;139993095000;;
RUSFAR;RUSFAR;2023-08-03;7,93;7,93;7,93;7,93;131698945000;;
RUSFAR;RUSFAR;2023-08-04;7,88;7,88;7,88;7,88;166521757000;;
RUSFAR;RUSFAR;2023-08-07;7,9;7,9;7,9;7,9;165624573000;;
RUSFAR;RUSFAR;2023-08-08;8,25;8,25;8,25;8,25;176945919000;;
RUSFAR;RUSFAR;2023-08-09;8,31;8,31;8,31;8,31;172996461000;;
RUSFAR;RUSFAR;2023-08-10;8,27;8,27;8,27;8,27;189481575000;;
RUSFAR;RUSFAR;2023-08-11;8,45;8,45;8,45;8,45;242816064000;;
RUSFAR;RUSFAR;2023-08-14;8,58;8,58;8,58;8,58;237288661000;;
RUSFAR;RUSFAR;2023-08-15;11,44;11,44;11,44;11,44;196053561000;;
RUSFAR;RUSFAR;2023-08-16;11,79;11,79;11,79;11,79;267879769000;;
RUSFAR;RUSFAR;2023-08-17;11,82;11,82;11,82;11,82;294377003000;;
RUSFAR;RUSFAR;2023-08-18;11,9;11,9;11,9;11,9;350729719000;;
RUSFAR;RUSFAR;2023-08-21;11,89;11,89;11,89;11,89;315465229000;;
RUSFAR;RUSFAR;2023-08-22;11,86;11,86;11,86;11,86;370305916000;;
RUSFAR;RUSFAR;2023-08-23;11,86;11,86;11,86;11,86;376917284000;;
RUSFAR;RUSFAR;2023-08-24;11,86;11,86;11,86;11,86;387935700000;;
RUSFAR;RUSFAR;2023-08-25;11,89;11,89;11,89;11,89;407705504000;;
RUSFAR;RUSFAR;2023-08-28;11,86;11,86;11,86;11,86;197363565000;;
RUSFAR;RUSFAR;2023-08-29;11,88;11,88;11,88;11,88;359507879000;;
RUSFAR;RUSFAR;2023-08-30;11,88;11,88;11,88;11,88;286363864000;;
RUSFAR;RUSFAR;2023-08-31;11,82;11,82;11,82;11,82;194775103000;;
RUSFAR;RUSFAR;2023-09-01;11,85;11,85;11,85;11,85;221876133000;;
RUSFAR;RUSFAR;2023-09-04;11,86;11,86;11,86;11,86;288208183000;;
RUSFAR;RUSFAR;2023-09-05;11,83;11,83;11,83;11,83;238138774000;;
RUSFAR;RUSFAR;2023-09-06;11,77;11,77;11,77;11,77;514511859000;;
RUSFAR;RUSFAR;2023-09-07;11,65;11,65;11,65;11,65;404796431000;;
RUSFAR;RUSFAR;2023-09-08;11,57;11,57;11,57;11,57;375980911000;;
RUSFAR;RUSFAR;2023-09-11;11,57;11,57;11,57;11,57;265868841000;;
RUSFAR;RUSFAR;2023-09-12;11,99;11,99;11,99;11,99;350571469000;;
RUSFAR;RUSFAR;2023-09-13;12,01;12,01;12,01;12,01;249834388000;;
RUSFAR;RUSFAR;2023-09-14;12,34;12,34;12,34;12,34;299858042000;;
RUSFAR;RUSFAR;2023-09-15;12,35;12,35;12,35;12,35;182994396000;;
RUSFAR;RUSFAR;2023-09-18;12,59;12,59;12,59;12,59;471423642000;;
RUSFAR;RUSFAR;2023-09-19;12,4;12,4;12,4;12,4;381846044000;;
RUSFAR;RUSFAR;2023-09-20;12,47;12,47;12,47;12,47;229729726000;;
RUSFAR;RUSFAR;2023-09-21;12,45;12,45;12,45;12,45;294399411000;;
RUSFAR;RUSFAR;2023-09-22;12,33;12,33;12,33;12,33;273624338000;;
RUSFAR;RUSFAR;2023-09-25;12,42;12,42;12,42;12,42;238993805000;;
RUSFAR;RUSFAR;2023-09-26;12,45;12,45;12,45;12,45;270075048000;;
RUSFAR;RUSFAR;2023-09-27;12,48;12,48;12,48;12,48;168916559000;;
RUSFAR;RUSFAR;2023-09-28;12,55;12,55;12,55;12,55;199248436000;;
RUSFAR;RUSFAR;2023-09-29;12,56;12,56;12,56;12,56;255421165000;;
RUSFAR;RUSFAR;2023-10-02;12,46;12,46;12,46;12,46;177939126000;;
RUSFAR;RUSFAR;2023-10-03;12,43;12,43;12,43;12,43;179029293000;;
RUSFAR;RUSFAR;2023-10-04;12,41;12,41;12,41;12,41;186277114000;;
RUSFAR;RUSFAR;2023-10-05;12,48;12,48;12,48;12,48;224951191000;;
RUSFAR;RUSFAR;2023-10-06;12,55;12,55;12,55;12,55;209833165000;;
RUSFAR;RUSFAR;2023-10-09;12,86;12,86;12,86;12,86;294837834000;;
RUSFAR;RUSFAR;2023-10-10;13;13;13;13;186789458000;;
RUSFAR;RUSFAR;2023-10-11;12,87;12,87;12,87;12,87;228894310000;;
RUSFAR;RUSFAR;2023-10-12;12,97;12,97;12,97;12,97;200499519000;;
RUSFAR;RUSFAR;2023-10-13;13,19;13,19;13,19;13,19;254363375000;;
RUSFAR;RUSFAR;2023-10-16;13,15;13,15;13,15;13,15;219036145000;;
RUSFAR;RUSFAR;2023-10-17;13,15;13,15;13,15;13,15;221304464000;;
RUSFAR;RUSFAR;2023-10-18;13,15;13,15;13,15;13,15;182855704000;;
RUSFAR;RUSFAR;2023-10-19;13,11;13,11;13,11;13,11;188044485000;;
RUSFAR;RUSFAR;2023-10-20;13,13;13,13;13,13;13,13;313921838000;;
RUSFAR;RUSFAR;2023-10-23;13,1;13,1;13,1;13,1;287323476000;;
RUSFAR;RUSFAR;2023-10-24;13,03;13,03;13,03;13,03;305753043000;;
RUSFAR;RUSFAR;2023-10-25;12,89;12,89;12,89;12,89;304707346000;;
RUSFAR;RUSFAR;2023-10-26;12,64;12,64;12,64;12,64;273294412000;;
RUSFAR;RUSFAR;2023-10-27;12,62;12,62;12,62;12,62;280912774000;;
RUSFAR;RUSFAR;2023-10-30;14,2;14,2;14,2;14,2;207437150000;;
RUSFAR;RUSFAR;2023-10-31;14,5;14,5;14,5;14,5;365328742000;;
RUSFAR;RUSFAR;2023-11-01;14,38;14,38;14,38;14,38;234326759000;;
RUSFAR;RUSFAR;2023-11-02;14,3;14,3;14,3;14,3;311479671000;;
RUSFAR;RUSFAR;2023-11-03;14,13;14,13;14,13;14,13;327455406000;;
RUSFAR;RUSFAR;2023-11-07;14,19;14,19;14,19;14,19;278554677000;;
RUSFAR;RUSFAR;2023-11-08;14,3;14,3;14,3;14,3;268600938000;;
RUSFAR;RUSFAR;2023-11-09;14,58;14,58;14,58;14,58;195667493000;;
RUSFAR;RUSFAR;2023-11-10;14,56;14,56;14,56;14,56;194418460000;;
RUSFAR;RUSFAR;2023-11-13;14,7;14,7;14,7;14,7;204974033000;;
RUSFAR;RUSFAR;2023-11-14;15,03;15,03;15,03;15,03;158097114000;;
RUSFAR;RUSFAR;2023-11-15;14,73;14,73;14,73;14,73;233883601000;;
RUSFAR;RUSFAR;2023-11-16;14,99;14,99;14,99;14,99;316628074000;;
RUSFAR;RUSFAR;2023-11-17;15,02;15,02;15,02;15,02;245443984000;;
RUSFAR;RUSFAR;2023-11-20;15,06;15,06;15,06;15,06;258516750000;;
RUSFAR;RUSFAR;2023-11-21;15,17;15,17;15,17;15,17;328670789000;;
RUSFAR;RUSFAR;2023-11-22;15,14;15,14;15,14;15,14;279998463000;;
RUSFAR;RUSFAR;2023-11-23;15,11;15,11;15,11;15,11;207213812000;;
RUSFAR;RUSFAR;2023-11-24;15,14;15,14;15,14;15,14;205672796000;;
RUSFAR;RUSFAR;2023-11-27;15,2;15,2;15,2;15,2;210766082000;;
RUSFAR;RUSFAR;2023-11-28;15,24;15,24;15,24;15,24;205804063000;;
RUSFAR;RUSFAR;2023-11-29;15,09;15,09;15,09;15,09;262769370000;;
RUSFAR;RUSFAR;2023-11-30;15,02;15,02;15,02;15,02;276868848000;;
RUSFAR;RUSFAR;2023-12-01;14,82;14,82;14,82;14,82;316884088000;;
RUSFAR;RUSFAR;2023-12-04;14,75;14,75;14,75;14,75;316234101000;;
RUSFAR;RUSFAR;2023-12-05;14,55;14,55;14,55;14,55;313296536000;;
RUSFAR;RUSFAR;2023-12-06;14,56;14,56;14,56;14,56;230944621000;;
RUSFAR;RUSFAR;2023-12-07;14,49;14,49;14,49;14,49;214466357000;;
RUSFAR;RUSFAR;2023-12-08;14,51;14,51;14,51;14,51;263248253000;;
RUSFAR;RUSFAR;2023-12-11;14,86;14,86;14,86;14,86;196391517000;;
RUSFAR;RUSFAR;2023-12-12;15,05;15,05;15,05;15,05;296183145000;;
RUSFAR;RUSFAR;2023-12-13;15,36;15,36;15,36;15,36;369987486000;;
RUSFAR;RUSFAR;2023-12-14;15,7;15,7;15,7;15,7;394854615000;;
RUSFAR;RUSFAR;2023-12-15;15,88;15,88;15,88;15,88;308144767000;;
RUSFAR;RUSFAR;2023-12-18;15,7;15,7;15,7;15,7;186119883000;;
RUSFAR;RUSFAR;2023-12-19;15,49;15,49;15,49;15,49;296515998000;;
RUSFAR;RUSFAR;2023-12-20;15,51;15,51;15,51;15,51;150711342000;;
RUSFAR;RUSFAR;2023-12-21;15,39;15,39;15,39;15,39;196112125000;;
RUSFAR;RUSFAR;2023-12-22;15,39;15,39;15,39;15,39;253218970000;;
RUSFAR;RUSFAR;2023-12-25;15,37;15,37;15,37;15,37;236110349000;;
RUSFAR;RUSFAR;2023-12-26;15,36;15,36;15,36;15,36;207228887000;;
RUSFAR;RUSFAR;2023-12-27;15,31;15,31;15,31;15,31;290680997000;;
RUSFAR;RUSFAR;2023-12-28;15,31;15,31;15,31;15,31;215048135000;;
